battery_power,clock_speed,Fc,int_memory,m_dep,n_cores,pc,px_height,px_width,ram,talk_time,price_range
842,2.2,1,7,0.6,2,2,20,756,2549,19,1
1021,0.5,0,53,0.7,3,6,905,1988,2631,7,2
563,0.5,2,41,0.9,5,6,1263,1716,2603,9,2
615,2.5,0,10,0.8,6,9,1216,1786,2769,11,2
1821,1.2,13,44,0.6,2,14,1208,1212,1411,15,1
1859,0.5,3,22,0.7,1,7,1004,1654,1067,10,1
1821,1.7,4,10,0.8,8,10,381,1018,3220,18,3
1954,0.5,0,24,0.8,4,0,512,1149,700,5,0
1445,0.5,0,53,0.7,7,14,386,836,1099,20,0
509,0.6,2,9,0.1,5,15,1137,1224,513,12,0
769,2.9,0,9,0.1,5,1,248,874,3946,7,3
1520,2.2,5,33,0.5,8,18,151,1005,3826,13,3
1815,2.8,2,33,0.6,4,17,607,748,1482,2,1
803,2.1,7,17,1.0,4,11,344,1440,2680,4,2
1866,0.5,13,52,0.7,1,17,356,563,373,3,0
775,1.0,3,46,0.7,2,16,862,1864,568,11,0
838,0.5,1,13,0.1,8,4,984,1850,3554,19,3
595,0.9,7,23,0.1,3,17,441,810,3752,18,3
1131,0.5,11,49,0.6,5,18,658,878,1835,16,1
682,0.5,4,19,1.0,4,11,902,1064,2337,18,1
772,1.1,12,39,0.8,7,14,1314,1854,2819,3,3
1709,2.1,1,13,1.0,2,2,974,1385,3283,15,3
1949,2.6,4,47,0.3,4,7,407,822,1433,20,1
1602,2.8,4,38,0.7,3,20,466,788,1037,20,0
503,1.2,5,8,0.4,3,13,201,1245,2583,12,1
961,1.4,0,57,0.6,8,3,291,1434,2782,7,2
519,1.6,7,51,0.3,4,19,550,645,3763,4,3
956,0.5,1,41,1.0,7,6,511,1075,3286,12,3
1453,1.6,12,52,0.3,2,18,187,1311,2373,10,2
851,0.5,3,21,0.4,5,7,1171,1263,478,10,0
1579,0.5,0,5,0.2,7,9,1358,1739,3532,12,3
1568,0.5,16,33,1.0,8,20,413,654,508,6,0
1319,0.9,3,41,0.9,1,18,85,1152,2227,3,1
1310,2.2,0,51,0.6,4,0,178,1919,3845,12,3
644,2.7,0,22,0.7,8,3,311,881,1262,15,0
725,1.3,16,60,0.4,8,17,1134,1249,1326,15,1
589,2.3,1,61,0.6,4,10,429,815,2113,2,1
1725,1.6,6,6,0.5,2,18,609,1307,3429,4,3
790,2.0,16,11,0.3,6,17,347,730,3169,2,2
560,0.5,15,50,0.3,2,20,1448,1613,2150,11,2
1347,2.9,5,44,0.6,1,14,434,967,2484,11,2
1646,2.3,8,41,0.2,2,10,1725,1932,3339,19,3
1253,0.5,5,5,0.2,2,19,685,714,1878,4,1
1656,1.0,5,34,0.1,3,7,880,1456,1629,14,1
1195,2.8,1,20,0.8,2,14,1580,1652,504,12,0
1514,2.9,0,27,0.2,3,1,186,1810,1152,20,1
1723,1.1,1,42,1.0,8,14,202,1791,3587,3,3
1054,1.8,3,40,0.8,7,10,27,774,2296,12,1
578,2.6,2,57,0.2,8,8,1025,1433,1270,5,0
596,2.1,9,64,0.8,8,15,885,1854,3238,10,3
1547,3.0,2,14,0.7,3,19,1042,1832,2059,15,2
1760,1.4,5,63,0.8,8,19,1382,1383,2053,16,2
1654,1.5,0,43,0.3,2,0,546,629,3112,10,3
1457,1.9,1,16,0.3,3,10,1013,1287,1440,12,1
1073,0.5,0,51,0.5,7,0,690,804,2908,18,2
1936,2.1,10,46,0.6,3,20,667,1036,2552,13,2
823,2.7,13,60,0.5,8,19,822,1449,905,17,0
987,1.3,0,61,0.4,3,9,581,820,3963,20,3
1757,0.5,8,49,0.5,6,14,265,713,2056,4,1
1063,1.4,2,48,1.0,5,4,127,683,2910,9,2
1484,3.0,3,12,0.6,3,5,916,969,1457,20,1
799,2.3,1,63,0.8,8,6,361,975,431,6,0
1156,1.2,0,50,0.8,2,0,322,547,470,15,0
1720,2.0,15,55,0.5,2,18,753,1353,2148,5,2
702,2.6,2,9,0.7,3,3,504,1570,2955,19,2
616,1.9,13,44,0.8,3,17,651,1618,3366,13,3
1358,0.5,11,36,0.3,4,14,1565,1858,3068,4,3
1866,1.4,0,30,0.5,3,0,108,1781,3834,8,3
1242,1.1,0,10,0.6,2,1,459,1225,1050,4,0
1166,1.5,0,43,0.8,4,1,205,603,3993,7,3
1448,0.5,6,45,0.8,7,11,570,1724,3378,2,3
1407,2.4,1,22,0.7,4,4,1172,1217,2192,13,2
605,1.0,8,9,0.1,3,16,160,1026,392,4,0
1038,1.2,3,43,0.7,1,5,4,638,3709,12,3
797,2.9,4,38,0.5,4,6,763,1413,590,6,0
819,0.6,8,42,0.9,6,20,339,1242,1814,13,1
1114,2.8,4,9,0.4,3,15,1040,1071,907,17,0
1234,1.6,1,33,0.6,1,3,166,778,1449,6,0
1199,2.5,15,16,0.2,4,20,1168,1552,3448,10,3
1103,1.0,6,29,0.7,6,8,990,1486,1837,16,1
1589,0.6,0,58,0.9,7,7,319,1206,3464,6,3
999,2.9,11,64,0.2,4,19,1397,1616,2593,16,2
1510,0.9,2,45,0.9,5,3,708,1752,3484,11,3
1008,0.8,11,61,1.0,3,15,1077,1122,2009,11,1
1127,2.9,5,57,0.8,1,13,928,1049,2048,17,1
1412,2.4,5,25,0.8,8,17,516,1894,837,4,1
1496,2.0,4,42,0.5,5,5,96,741,854,7,0
1083,2.9,1,64,0.8,3,11,1025,1118,3210,4,3
668,0.5,0,3,0.1,5,13,666,1203,2746,8,2
1309,1.1,0,33,0.5,4,14,557,1402,2334,11,2
1724,2.0,2,57,0.5,3,5,1605,1924,2822,16,3
1977,2.0,7,54,1.0,7,18,1226,1242,1971,14,2
885,2.3,0,15,0.4,7,0,769,802,1410,5,0
879,2.5,11,14,0.7,6,15,403,1105,349,2,0
1322,1.7,6,7,0.8,3,9,177,1990,1418,12,1
1137,1.0,18,7,1.0,3,19,942,1179,3616,12,3
1355,2.3,10,23,0.2,5,16,651,891,880,8,0
1665,0.5,3,60,0.2,6,18,1572,1684,1601,14,2
657,2.5,0,37,0.7,2,1,476,961,1412,18,0
593,0.5,6,31,0.4,7,7,1233,1317,1692,7,1
1883,0.5,3,10,0.3,6,13,836,1739,2600,20,3
1732,1.1,4,12,0.8,8,9,824,881,1308,11,1
543,0.5,0,57,0.7,5,4,391,984,2413,15,1
1939,2.8,0,55,0.6,4,10,320,520,1047,18,0
553,2.4,1,8,0.5,7,3,325,902,1204,8,0
832,0.7,2,39,0.7,4,3,125,1504,1799,11,1
1661,1.9,5,23,1.0,5,10,846,1634,2676,11,3
1657,2.4,3,42,0.1,5,16,1770,1796,2597,14,3
1135,2.0,0,46,0.3,1,4,293,1846,3029,9,3
1775,1.5,3,41,0.1,1,7,1633,1869,2343,14,3
783,1.8,0,43,1.0,3,4,1198,1471,2016,18,1
617,2.3,0,32,0.5,7,20,768,874,2213,7,1
867,1.4,0,4,0.7,6,1,70,1974,790,3,0
1310,1.1,13,7,1.0,5,14,117,513,3182,5,2
1804,0.5,9,22,0.6,7,19,1158,1244,3472,20,3
1900,2.3,1,18,0.2,7,9,1055,1661,2871,13,3
909,1.4,0,53,0.3,8,0,635,973,3187,4,2
1084,2.6,3,40,0.9,3,11,322,771,1945,10,1
1308,1.3,8,46,0.9,1,12,275,989,488,9,0
1778,0.5,0,15,0.5,3,0,1445,1954,1214,14,1
1701,1.6,3,10,0.3,8,7,550,1338,2598,6,2
772,2.4,1,10,0.5,4,2,1242,1712,3242,4,3
825,0.5,7,52,0.9,3,10,597,863,3534,6,3
1379,1.1,5,36,0.8,2,7,538,1376,3426,17,3
1166,2.0,3,25,0.8,5,4,59,1203,2488,15,2
1659,2.8,5,16,0.6,1,20,819,902,3255,9,3
826,2.4,0,58,0.3,4,1,179,786,2863,18,2
1564,2.3,4,25,0.5,6,17,1259,1965,1496,7,1
1957,0.9,11,31,0.6,3,16,396,1732,3801,7,3
1571,1.4,0,19,0.1,6,1,713,1398,666,13,0
1414,2.0,2,54,0.8,7,3,262,829,3799,7,3
1790,2.5,9,2,0.1,1,14,622,792,1366,20,1
645,0.5,1,41,1.0,7,10,327,580,2962,4,2
668,2.9,7,30,0.2,8,12,522,1056,2399,7,1
1652,1.1,1,36,0.7,4,5,313,1264,2338,20,2
1213,0.5,0,16,0.5,5,0,226,1248,2700,9,2
1272,2.5,0,22,0.9,6,8,605,669,2235,4,1
866,0.5,5,46,0.5,8,7,692,1686,3825,2,3
536,2.4,12,3,0.3,7,14,1386,1539,284,4,0
523,2.6,1,14,0.1,8,2,304,1042,1427,9,0
1753,0.5,0,31,0.1,1,18,1590,1926,1324,17,2
1218,1.8,1,14,0.5,3,4,229,616,398,5,0
1537,2.5,4,43,0.3,1,5,839,1131,3685,17,3
786,2.2,0,33,0.5,7,6,507,1697,2390,5,2
1678,2.1,3,64,0.9,3,11,436,536,278,10,0
1814,1.4,1,9,0.4,2,2,756,786,3556,16,3
1101,1.8,0,31,0.2,2,7,387,1269,2196,19,1
1461,2.4,3,40,0.5,7,4,1265,1298,3799,4,3
1216,3.0,4,47,0.4,3,7,1852,1967,2268,4,2
506,1.6,6,41,0.8,1,7,875,1025,2965,15,2
843,0.5,1,56,0.1,5,17,140,800,2341,20,1
742,2.2,4,56,0.2,7,14,577,1359,3557,12,3
1692,2.1,3,61,0.9,6,12,975,1996,1354,19,1
1485,1.0,2,32,0.7,2,9,510,1013,2147,11,2
1547,2.9,6,45,0.7,2,8,583,590,505,3,0
1692,2.3,4,46,0.9,1,6,674,1925,1394,6,1
637,2.3,3,60,0.8,4,4,1125,1989,374,8,0
1224,0.5,16,6,0.4,6,18,747,826,506,11,0
1356,2.8,0,29,0.5,6,0,1612,1983,3702,19,3
1840,0.5,12,34,0.7,1,16,311,1545,1078,10,1
1481,0.7,4,37,0.6,5,13,116,1533,2945,16,2
961,1.5,10,51,0.3,6,16,554,621,2981,7,2
1296,0.9,0,14,0.5,5,3,811,1272,490,4,0
1193,0.9,11,26,0.5,1,20,730,1729,536,4,0
1441,2.1,11,3,0.1,8,17,577,1071,2317,7,2
517,1.4,3,33,0.8,4,8,660,974,3704,11,3
748,1.7,0,27,0.9,8,4,450,1554,2126,7,1
1126,2.4,2,10,0.4,6,3,1223,1611,2050,12,2
1572,0.6,0,58,0.2,7,8,1109,1937,2462,10,3
1569,2.8,17,44,0.3,4,20,45,1942,1260,17,1
1270,0.6,2,32,0.5,7,6,299,845,3770,13,3
1854,3.0,2,8,0.1,5,5,506,627,1886,20,1
625,1.2,5,10,0.2,4,8,635,842,3323,7,2
1577,0.5,0,42,0.3,5,4,1045,1737,2060,12,2
534,0.5,0,16,1.0,5,1,393,1199,3926,20,3
946,1.7,8,25,0.8,6,15,650,1740,2177,13,2
685,0.5,2,29,0.8,7,10,433,648,728,4,0
1949,1.3,0,23,0.1,5,1,839,1136,2478,20,3
947,0.8,0,22,0.1,2,13,1176,1220,2842,2,2
801,2.2,2,63,0.4,7,4,650,879,1617,19,1
703,2.7,12,30,0.3,1,20,218,1065,1472,7,0
1165,2.4,11,41,0.2,6,12,564,831,764,15,0
1082,0.8,0,38,0.1,8,5,986,1191,2337,17,2
959,2.6,15,20,1.0,4,19,561,1631,3965,6,3
1502,1.2,0,54,0.2,5,12,65,588,3693,16,3
1380,2.1,1,4,0.8,3,13,420,500,797,15,0
1266,0.5,0,5,0.1,6,9,1365,1698,1687,18,2
1934,2.6,0,46,0.1,1,17,619,1299,2940,2,3
1905,0.5,3,6,0.5,1,5,849,898,1545,10,1
1831,1.4,2,43,0.9,5,5,611,1381,3834,13,3
596,1.4,8,46,0.6,1,18,953,984,2505,15,1
1562,1.3,1,7,0.2,5,15,642,1533,2243,6,2
1490,0.5,4,64,0.3,8,8,1417,1464,3600,7,3
1523,2.4,5,57,0.2,2,6,247,539,3971,10,3
640,0.6,0,20,0.1,4,15,710,1179,2844,18,2
1526,2.1,1,23,0.2,7,8,718,751,2227,3,2
1989,2.5,0,41,0.8,3,13,1100,1497,1665,12,2
1308,1.9,0,61,0.7,3,7,59,1215,3355,4,3
609,0.5,3,26,0.3,4,4,938,1948,1866,14,1
1905,0.6,9,36,0.4,3,20,825,1542,1287,16,1
1703,0.5,0,22,0.6,1,0,286,1235,1046,13,0
1445,2.4,7,20,0.4,7,15,1273,1345,1441,13,1
1087,1.3,0,16,0.3,3,9,295,589,690,6,0
671,0.9,10,30,0.7,7,17,852,1182,2504,15,2
1472,2.3,6,61,0.1,6,19,710,1052,2677,8,2
765,0.5,0,47,0.3,8,1,1277,1429,2243,4,2
1642,0.5,16,8,0.3,6,17,129,873,2984,17,2
1265,1.5,7,49,0.7,5,16,690,836,1362,12,1
664,1.1,1,51,0.1,7,4,701,1478,3629,6,3
1277,0.5,0,35,0.4,6,6,309,1460,3559,6,3
1395,1.8,0,23,0.1,3,1,213,705,2571,13,2
1539,2.6,0,41,0.1,8,0,1112,1666,2107,10,2
1049,2.2,9,63,0.5,5,17,199,1077,1022,13,0
1827,1.7,4,39,0.5,5,16,55,1020,2844,10,2
903,1.0,0,50,0.4,1,0,1230,1235,711,10,0
1987,0.5,3,53,1.0,3,7,1052,1516,3117,8,3
1154,1.2,0,49,0.2,8,2,541,1499,978,7,0
1336,0.9,5,17,0.2,5,9,55,583,1869,16,1
1886,0.5,0,24,0.4,3,1,809,1958,1179,20,1
1551,1.1,4,51,0.1,5,6,1738,1995,3844,4,3
850,1.6,6,29,0.5,5,19,404,642,593,10,0
660,0.5,5,40,0.5,2,10,262,1178,588,18,0
1225,2.1,8,13,0.5,4,12,759,1404,3836,11,3
1452,0.5,1,25,0.9,6,11,42,1040,2669,13,2
1686,2.8,3,38,0.1,4,4,397,1453,2958,2,3
1634,1.4,1,17,0.2,2,5,964,1677,3031,6,3
1708,2.4,18,49,0.1,1,19,233,517,3388,16,3
1151,2.9,0,31,0.6,8,1,1022,1560,2377,13,2
1578,1.9,2,37,0.1,4,19,411,1226,2458,3,2
1689,1.8,17,24,0.3,3,18,954,1200,2766,7,3
1488,0.5,1,39,0.8,5,6,1528,1647,3054,19,3
1313,1.8,4,9,0.4,1,6,416,1308,3791,6,3
1715,1.0,4,31,0.5,8,17,638,1615,625,13,0
1442,1.0,0,27,0.1,3,19,231,687,2227,20,1
528,1.7,12,6,0.8,2,15,574,637,3256,6,2
1523,1.8,6,11,0.1,1,8,148,1606,707,19,0
1133,1.4,3,42,0.1,5,12,730,1543,1457,20,1
1718,2.5,14,6,0.1,5,16,564,980,3755,8,3
1330,0.5,0,38,1.0,7,1,1290,1441,1733,11,1
1799,0.5,0,49,0.4,4,2,632,1383,720,11,0
633,2.2,0,49,0.1,8,1,529,1009,3560,16,2
724,2.7,0,44,0.5,7,0,1273,1754,2311,7,2
822,0.5,0,51,0.3,6,20,667,860,3846,3,3
1918,1.9,2,10,0.6,5,10,1170,1543,1717,16,2
1891,2.8,7,37,0.4,7,14,169,1108,3704,11,3
1373,1.0,2,50,0.2,7,12,105,673,3800,14,3
862,0.8,3,23,0.4,2,15,793,1758,278,11,0
1273,1.0,3,48,0.4,4,15,490,886,1767,11,1
957,2.5,4,7,0.8,5,10,1201,1485,1846,7,1
1617,1.3,3,30,0.7,2,4,246,1038,829,10,0
893,2.5,0,55,0.6,2,1,417,946,2986,6,2
1210,0.5,0,63,0.1,5,0,1177,1462,2394,7,2
708,2.7,0,63,1.0,8,7,78,654,2169,7,1
835,1.1,2,7,0.2,4,7,323,1604,1181,15,0
1450,2.7,9,19,0.6,1,17,707,1882,575,12,0
973,1.5,5,57,0.2,7,16,457,1816,2977,2,2
601,1.4,4,4,0.1,4,13,356,765,532,10,0
507,0.5,1,32,0.5,7,11,936,1398,1702,5,1
564,1.8,0,51,0.5,3,1,912,1980,1074,15,0
1559,1.6,6,6,0.5,6,17,179,1559,3352,3,3
754,0.5,7,59,0.7,7,10,1914,1928,1027,5,1
728,2.7,0,25,0.2,4,1,526,1529,2039,12,1
1431,0.5,0,56,0.6,1,1,156,952,461,8,0
767,1.5,4,28,0.7,4,10,344,1517,527,15,0
1722,2.6,8,18,0.8,2,16,865,1741,3271,15,3
1992,1.6,5,57,1.0,2,15,1552,1596,606,4,1
1876,0.5,10,40,0.3,6,14,546,1564,2513,16,3
1054,1.1,10,38,0.4,6,12,1097,1222,1675,14,1
1283,1.6,4,47,0.9,5,5,372,692,2698,17,2
1281,2.3,0,28,0.3,1,6,1285,1617,1129,6,1
1066,0.6,2,7,0.9,7,18,1242,1571,468,6,0
730,2.1,0,4,0.1,8,2,302,1247,1210,4,0
1053,0.8,7,45,0.3,1,12,594,1767,3086,5,3
1611,0.5,11,3,0.6,3,14,303,714,1595,9,1
793,1.0,5,30,0.9,2,15,1858,1935,2332,14,2
1220,2.9,3,62,0.5,4,8,403,1933,2589,15,2
1662,0.5,0,61,0.8,4,13,32,1509,3760,13,3
1281,2.8,3,8,0.3,4,19,590,954,1851,9,1
538,0.8,12,2,0.8,7,13,235,662,417,9,0
823,0.5,0,39,0.4,8,4,630,888,294,11,0
1733,2.8,3,36,1.0,6,20,357,527,3576,9,3
1429,1.5,0,40,0.9,3,14,246,820,3945,18,3
1839,1.2,9,54,0.5,7,11,475,1493,927,18,1
659,2.7,6,6,0.5,3,7,1054,1929,2044,2,1
1953,2.1,7,56,0.1,8,9,555,764,2334,4,2
1172,1.9,0,27,0.7,1,3,607,1092,1477,6,1
612,1.9,6,16,0.3,7,7,1360,1891,3161,3,3
1563,2.4,0,24,0.2,8,0,142,1699,3660,5,3
1191,1.3,16,26,0.8,1,20,681,683,1604,9,1
615,0.5,0,42,0.6,6,4,104,1664,2211,18,1
1893,2.1,8,63,0.2,2,11,637,763,3822,18,3
1563,1.7,10,16,0.1,7,13,410,572,3922,8,3
1995,1.9,6,9,0.8,6,18,1830,1963,1203,18,2
1517,0.5,6,48,0.6,5,14,802,1489,2822,11,3
832,1.6,1,34,0.3,5,5,311,1294,447,12,0
1162,2.0,0,56,0.7,7,1,56,997,1652,20,1
1595,2.6,7,12,0.3,8,19,344,655,3608,16,3
1329,1.0,1,52,0.9,6,2,1053,1458,1228,6,1
928,0.5,11,56,0.7,8,13,221,1243,666,5,0
1656,0.5,8,38,0.1,7,17,506,519,1499,19,1
1937,1.7,17,58,0.6,1,19,1728,1767,3321,14,3
977,1.1,2,57,0.6,6,7,63,566,1206,8,0
768,0.9,16,56,0.1,1,20,418,515,952,16,0
1464,0.5,11,12,0.9,2,14,854,1168,3927,15,3
1177,0.9,1,29,0.4,2,8,178,882,311,19,0
1348,2.0,18,52,0.3,3,20,1869,1942,955,7,1
1956,2.2,0,37,0.5,3,2,185,776,1109,19,1
1751,0.5,6,8,0.6,6,20,170,564,2969,17,2
1530,2.0,11,42,0.8,6,13,454,1975,725,19,0
1997,1.8,1,40,0.5,4,8,866,1212,1655,15,2
1414,1.5,5,44,0.5,2,6,44,1118,3490,13,3
1707,1.4,0,41,0.8,7,2,1331,1388,1774,10,2
894,0.5,1,50,0.5,3,14,1285,1462,3615,6,3
645,1.2,6,41,0.7,8,17,741,1130,714,13,0
1163,2.8,0,49,0.6,2,0,520,754,2768,12,2
1126,0.7,3,49,0.9,8,17,114,1726,3739,13,3
1648,0.7,6,64,0.8,4,9,1153,1876,610,6,1
1170,0.9,6,14,0.4,2,13,474,709,715,20,0
508,0.8,7,42,0.3,1,8,39,557,663,7,0
1097,2.1,6,64,0.2,3,8,419,1914,1725,9,1
728,1.7,0,5,0.6,2,20,584,775,834,5,0
1980,0.5,2,29,0.8,1,13,312,1910,3865,18,3
1504,2.3,1,64,0.9,1,2,19,1923,3059,10,3
1379,2.1,14,63,1.0,1,17,207,1370,651,7,0
1698,2.1,5,18,0.9,6,20,363,994,796,14,0
920,2.1,5,25,0.4,7,14,209,1078,785,5,0
1144,1.5,0,21,0.4,1,11,159,724,3252,8,2
1995,0.5,6,26,0.2,1,15,649,1104,1322,7,1
1430,0.5,1,27,0.5,1,16,1132,1182,2832,15,2
972,0.5,5,13,0.4,5,8,1392,1795,1615,13,1
662,0.5,5,20,0.8,1,10,1001,1224,2125,15,1
1867,2.3,0,9,0.1,6,3,712,1442,990,2,1
1730,2.0,0,20,0.1,4,10,418,1023,1595,12,1
1723,1.0,1,7,0.6,3,17,384,1361,1213,16,1
1882,1.3,8,47,0.2,2,13,119,652,2500,11,2
803,0.8,0,18,0.3,4,1,627,935,2801,12,2
580,1.2,0,47,0.9,3,1,1086,1345,3451,11,3
668,2.3,2,48,0.3,1,19,195,1292,1201,4,0
1391,1.4,2,36,0.8,1,6,14,1256,3139,14,2
1560,2.3,0,22,0.8,7,1,745,1364,1938,16,2
821,1.8,5,54,0.1,3,9,253,1786,3185,15,2
811,2.4,5,2,0.3,6,13,333,1429,2111,2,1
1989,2.9,8,17,0.1,8,15,629,682,2369,18,2
1034,2.7,6,37,0.7,7,20,707,1199,3625,12,3
618,2.1,2,6,0.3,1,4,1314,1688,1051,15,0
654,1.3,0,52,0.7,4,4,1715,1898,1036,13,1
576,2.8,2,10,0.2,5,7,513,1438,2938,5,2
667,0.6,6,3,0.7,6,13,13,1463,2855,19,2
869,1.0,7,57,0.6,1,15,1243,1584,2727,8,2
635,0.5,2,42,0.4,3,4,300,1059,2973,18,2
609,3.0,15,44,0.3,1,16,58,1253,2581,15,1
1557,2.8,16,2,0.1,5,20,1107,1442,2690,9,3
1604,1.7,2,33,1.0,8,5,134,939,916,12,0
1182,0.5,7,8,0.5,8,16,275,986,2563,19,2
848,2.1,10,19,0.8,7,18,176,1029,3359,14,2
1610,2.9,7,64,0.9,4,12,1236,1280,941,9,1
1828,2.1,0,17,0.9,1,1,336,898,2280,4,2
880,2.0,1,50,0.5,7,3,1116,1381,827,6,0
1394,0.9,10,62,0.3,5,13,1010,1565,473,20,0
1960,2.3,1,61,0.3,7,3,205,1299,3865,11,3
809,0.8,10,21,0.9,7,19,1453,1726,1274,3,1
899,0.5,13,57,0.9,2,18,788,1331,364,7,0
1976,0.7,4,32,0.8,2,7,1301,1922,3699,13,3
879,1.5,0,21,0.8,4,2,463,1038,2927,11,2
916,2.6,0,36,0.3,4,12,188,992,1470,14,0
763,1.7,8,2,0.5,8,14,1028,1186,1050,8,0
508,1.6,0,9,0.4,6,2,1419,1920,2616,10,2
825,2.9,0,34,0.8,8,17,1471,1866,2915,10,3
1864,1.4,8,46,0.7,1,12,168,981,2686,18,2
1725,0.5,8,52,1.0,6,12,1125,1195,1243,5,1
1108,2.9,10,52,0.1,2,12,130,1706,3264,13,3
1011,1.1,4,36,0.2,7,18,481,749,2261,16,1
1703,1.5,17,55,0.7,5,19,1411,1711,2993,20,3
1067,1.7,0,58,0.5,7,0,79,681,706,16,0
1334,2.4,5,42,0.6,5,14,1187,1974,2542,8,3
775,2.6,0,30,0.4,7,10,561,1510,2523,9,2
1899,0.6,0,26,0.1,2,0,96,814,336,4,0
930,1.3,1,14,0.4,6,10,77,1025,2457,17,1
1058,1.5,2,19,0.4,4,14,493,1247,418,16,0
1187,2.2,0,46,0.4,2,9,1173,1814,3917,8,3
1874,2.7,10,8,0.9,7,13,964,1233,1246,2,1
1482,0.5,2,48,0.2,7,10,634,642,2971,12,2
1809,1.7,3,59,0.1,3,4,639,721,2324,16,2
864,3.0,0,54,0.7,2,1,127,1670,3121,16,2
625,1.9,12,33,0.2,1,20,431,550,3801,2,2
1880,1.8,4,18,0.7,3,5,71,699,3333,7,3
1138,1.4,12,44,0.2,8,17,111,1138,3475,3,3
560,0.5,14,23,1.0,8,15,356,1903,2360,18,1
1117,0.5,1,12,0.6,7,8,798,817,2895,16,2
1712,1.4,1,63,0.5,7,12,747,1126,3652,19,3
1836,1.7,3,26,0.1,6,16,408,1139,3097,18,3
1036,2.4,0,39,0.2,7,3,373,926,2101,2,1
1860,2.3,15,23,0.6,4,16,1362,1506,3918,8,3
1375,1.1,3,9,0.9,7,19,475,726,3869,10,3
1945,1.6,0,57,0.3,4,1,743,1753,732,14,1
1896,0.5,8,7,0.4,2,13,447,794,3684,18,3
788,2.5,4,57,0.9,8,12,42,1161,3969,6,3
880,1.7,0,33,0.7,2,2,30,1350,1414,7,0
1323,2.5,10,28,0.2,4,12,162,619,1892,15,1
1868,2.0,0,42,0.2,1,4,347,660,3131,7,3
1266,1.9,0,7,0.2,3,12,346,1468,2532,4,2
1042,2.7,16,50,0.8,7,18,727,1705,3215,20,3
1479,0.5,8,19,0.6,3,10,180,1476,3323,6,3
1476,1.2,0,55,0.1,4,5,1641,1666,1529,3,2
1552,2.2,6,13,0.2,6,9,269,1026,2403,9,2
1454,0.5,1,34,0.7,4,3,250,1033,3419,5,3
1007,2.0,0,45,0.1,5,2,1186,1529,3648,16,3
652,2.4,9,17,0.7,5,11,77,559,1974,12,0
1504,1.5,12,34,0.7,8,15,507,973,2806,7,2
1726,0.9,2,51,0.6,4,3,379,1223,2239,13,2
1029,1.9,5,5,0.2,5,8,264,956,582,4,0
1582,2.8,2,44,0.5,6,13,1486,1797,3890,10,3
1478,0.8,12,48,0.7,5,17,694,882,1141,6,1
1178,1.3,0,49,0.6,5,0,579,596,2511,17,2
707,2.1,2,25,0.8,3,17,495,574,3838,7,3
755,2.8,5,51,0.3,4,12,315,990,2734,16,2
912,2.0,1,54,0.3,8,5,329,1053,2330,20,1
651,0.8,2,63,0.2,5,4,548,858,2244,19,1
1483,2.1,1,54,0.2,7,2,531,758,1851,2,1
914,0.9,2,4,0.8,2,12,191,1495,808,5,0
1456,0.5,7,7,0.4,5,12,823,1104,1587,20,1
1178,2.2,6,57,0.3,3,17,96,1352,2492,10,2
1503,0.7,10,43,0.2,4,14,841,1304,2122,2,2
1681,2.5,2,11,0.4,2,13,195,1205,1122,16,0
715,2.3,4,48,0.1,4,6,21,562,3709,10,2
1876,2.8,3,56,0.4,3,4,235,585,3021,18,2
1190,2.2,9,47,0.3,6,10,1417,1441,624,19,0
1755,1.3,0,24,0.1,7,2,286,1075,3937,7,3
1197,1.3,3,20,0.5,6,7,649,1629,1797,4,1
1048,0.9,10,28,0.8,2,19,966,1975,1458,15,1
1887,3.0,6,17,0.2,8,7,1172,1798,3348,16,3
1772,0.5,3,64,0.7,8,15,270,545,1834,20,1
1421,2.8,0,57,0.4,1,2,781,1657,2775,14,3
1464,0.5,0,17,0.7,6,8,418,1341,1277,19,1
728,2.3,4,23,0.8,4,5,126,817,457,16,0
954,0.5,0,50,0.3,2,11,228,1058,438,2,0
685,0.5,8,13,0.8,7,15,1091,1203,3210,2,3
1472,2.8,1,36,0.5,6,10,1452,1744,985,7,1
853,2.0,10,3,0.6,2,16,674,740,3701,8,3
1469,2.1,0,8,0.7,7,0,398,1133,1052,3,0
1310,2.3,6,57,0.9,8,9,449,889,1175,8,0
1654,1.8,1,11,0.3,7,2,1184,1719,1070,14,1
902,0.7,3,3,0.3,7,9,675,1285,3411,15,3
1448,1.4,13,26,1.0,3,16,1792,1850,1175,6,1
1631,0.9,2,3,0.1,7,12,177,1905,301,13,0
1608,1.8,7,28,0.4,2,13,1013,1158,489,8,0
1991,2.7,5,64,0.9,2,13,1058,1325,1733,8,2
1349,2.0,15,62,0.3,5,16,592,772,2756,4,2
1589,2.5,5,51,0.8,1,18,810,1743,2612,16,2
1844,2.3,1,51,0.7,8,3,533,882,1724,14,1
712,0.5,3,35,0.2,2,10,558,1208,2190,4,1
972,1.7,0,54,0.7,3,4,681,1050,1900,19,1
1406,0.5,2,34,0.8,3,5,1017,1366,3915,2,3
1289,0.9,10,25,1.0,6,12,765,899,1043,11,0
932,1.3,1,64,0.7,7,2,1176,1224,3817,9,3
1747,0.9,6,48,0.7,3,19,947,1131,2362,19,2
1172,2.1,4,41,0.1,3,7,1314,1884,1107,5,1
1128,1.4,12,53,0.4,5,14,609,1370,2982,12,3
664,1.2,0,28,0.9,5,5,754,1497,2042,19,1
513,0.5,6,44,0.1,4,12,619,867,1343,9,0
1742,2.3,9,43,0.4,7,12,453,681,2610,10,2
1512,1.7,12,6,0.7,7,17,205,884,2335,7,2
1986,0.5,3,51,0.1,8,20,282,1358,1614,3,1
965,1.5,5,13,1.0,2,14,130,998,1138,10,0
1067,2.4,3,40,0.6,8,15,494,1989,604,11,0
1583,1.6,5,42,0.8,3,10,275,862,3652,9,3
1653,0.5,2,37,0.9,4,6,447,1785,3955,18,3
1433,1.6,7,4,0.7,8,11,281,799,258,4,0
765,2.9,0,18,0.1,7,0,6,793,1066,16,0
1845,0.5,10,61,0.3,1,12,292,695,1731,6,1
752,0.5,1,48,0.7,7,13,164,728,3860,16,3
1948,2.8,8,16,0.1,5,10,631,1940,3630,17,3
1077,2.5,0,45,1.0,3,4,897,1304,1965,6,1
932,0.5,1,60,0.7,4,2,268,1078,1459,19,0
1968,0.9,0,22,0.8,3,7,861,1259,2323,7,2
1122,1.2,9,2,0.6,4,14,331,790,3291,13,2
1588,0.5,0,61,0.8,1,13,1064,1594,3272,17,3
601,2.1,4,26,0.3,4,18,509,548,918,12,0
1615,0.5,14,15,0.1,4,16,622,1256,3488,3,3
1589,2.2,2,58,0.1,4,4,957,1911,3961,14,3
1417,2.7,2,56,0.9,6,4,494,1649,590,6,0
1697,0.7,1,34,0.1,1,3,236,1264,3701,8,3
1330,1.3,14,3,0.3,5,17,980,1262,463,11,0
1476,0.5,0,43,0.7,2,2,1789,1972,3644,6,3
1579,1.5,0,27,0.2,6,18,831,1484,1713,10,1
1277,3.0,0,41,0.3,4,3,902,1090,429,14,0
1089,0.9,12,2,0.7,5,15,636,1259,2765,10,2
1663,2.5,13,27,0.3,4,14,831,1439,2084,18,2
1949,1.8,0,20,0.8,5,4,518,592,1125,9,1
1138,1.1,5,48,0.6,3,14,233,1777,2048,18,2
685,2.7,7,17,0.3,6,20,725,870,1223,18,0
1889,2.8,5,31,1.0,1,10,170,1106,3672,3,3
857,2.0,3,17,0.2,7,9,157,948,3100,13,2
1902,2.8,6,50,0.8,8,9,1142,1393,343,18,0
1225,2.4,0,15,0.1,5,0,840,982,1970,15,1
1066,1.6,5,39,0.6,5,17,401,1586,2728,17,2
1554,0.5,11,5,1.0,3,12,395,1579,3635,18,3
1337,0.5,13,31,0.8,2,20,48,644,2180,16,1
1926,1.7,1,33,0.4,3,2,982,1157,2488,14,2
869,1.3,3,34,0.1,2,4,478,539,3864,11,3
1278,0.5,1,54,0.1,8,16,581,750,1155,20,0
1773,2.5,16,32,0.6,6,18,1215,1472,3566,13,3
1661,0.8,1,6,1.0,7,2,594,1337,864,2,1
1438,2.2,0,32,0.6,7,6,683,1663,869,9,0
1661,1.4,0,29,0.3,2,0,536,861,591,9,0
1846,0.6,1,19,0.7,1,2,83,773,1333,11,1
1260,2.0,2,23,0.2,7,10,905,1313,2208,10,2
512,0.5,7,15,0.9,3,15,249,1849,2610,15,2
581,2.2,0,59,0.7,5,6,803,1613,2819,9,2
1872,2.3,6,44,0.7,3,15,459,1259,1955,15,2
687,1.3,9,50,0.6,4,20,584,1151,3416,8,3
1062,2.5,6,10,0.9,1,13,1596,1807,3803,16,3
1678,2.3,11,7,0.5,1,14,418,1763,574,19,0
1417,0.5,10,45,0.9,4,19,364,1029,2129,12,1
1074,2.4,2,9,0.9,6,14,946,952,1948,18,1
1832,0.7,2,2,0.6,7,6,186,654,2978,18,2
1039,1.3,0,12,0.8,8,0,1428,1827,1619,10,1
1059,2.4,8,61,0.1,3,18,1613,1916,3716,11,3
1606,1.4,3,57,0.1,4,4,1127,1924,3454,20,3
1928,1.8,9,19,1.0,3,20,691,1580,3777,13,3
1875,0.5,11,55,0.7,1,17,1802,1942,2712,6,3
1128,1.1,9,46,0.9,8,10,751,1582,1434,11,1
1748,1.7,6,14,0.5,3,7,859,1234,3968,3,3
1413,0.5,5,51,0.3,5,11,187,517,3383,2,3
825,0.5,0,23,0.1,2,0,206,1917,3278,2,3
1589,1.4,3,26,0.1,8,16,1673,1759,3970,18,3
535,0.5,8,54,0.5,8,15,710,939,2674,10,2
1780,0.5,6,27,0.1,4,11,1331,1463,2776,14,3
1671,0.6,7,61,0.1,2,11,263,848,2336,7,2
1821,0.9,9,12,0.3,1,18,97,1803,2430,6,2
1076,2.6,3,38,0.7,6,8,129,915,891,9,0
532,0.8,3,8,0.1,5,10,1213,1354,728,8,0
777,2.6,3,30,0.9,5,17,189,1143,3886,7,3
1217,0.5,3,17,0.5,4,13,628,632,1711,9,1
1656,1.6,0,16,1.0,7,2,320,899,2856,20,2
1185,1.9,0,31,0.4,8,7,837,1642,2447,3,2
577,2.4,8,37,0.9,6,20,1087,1450,814,19,0
737,2.4,7,49,0.6,4,16,781,1463,2951,10,2
704,2.2,4,53,0.2,6,6,251,1013,3653,15,2
525,0.5,5,51,0.5,8,11,262,1587,1891,12,1
504,0.5,5,16,0.1,1,9,767,1665,701,15,0
793,1.2,1,38,0.6,4,7,1226,1815,3139,12,3
569,0.6,2,39,0.1,8,9,389,739,2811,7,1
1590,1.9,3,21,1.0,5,18,920,963,1701,4,1
707,0.5,0,16,0.1,2,0,1027,1508,1853,12,1
767,1.9,16,19,0.2,6,17,271,1000,2445,6,1
1350,0.5,0,50,0.8,8,4,369,544,2287,8,1
1117,0.6,0,31,0.2,2,7,1258,1627,2003,14,2
641,1.1,0,7,0.9,1,3,417,759,3595,19,2
1002,0.8,0,35,0.5,2,4,1345,1416,1726,19,1
1408,2.1,10,45,0.9,5,14,613,1088,3952,3,3
1900,2.0,1,41,0.5,8,6,912,1596,850,4,1
726,2.9,0,43,0.1,8,0,666,760,1446,8,0
1544,2.3,12,45,0.1,8,20,236,857,1300,18,1
1454,1.6,6,21,0.2,4,10,186,1100,719,10,0
1230,2.2,6,26,0.8,5,7,416,676,988,9,0
1552,1.2,10,53,0.3,8,18,430,658,2606,12,2
1519,2.1,0,32,0.7,1,10,168,1239,2912,15,2
723,1.9,4,30,0.3,1,7,1467,1901,2339,17,2
1191,2.4,2,13,0.9,1,7,179,1813,1028,8,0
1168,1.3,9,61,0.1,8,10,159,1578,3173,17,3
1229,0.5,15,14,0.8,2,16,120,1878,1667,17,1
1758,0.5,11,13,0.6,8,14,762,1864,1897,15,2
1290,0.5,0,3,0.1,6,4,600,1109,1214,15,1
574,2.8,16,38,0.1,6,17,286,1171,3269,10,2
1271,0.5,12,32,0.1,7,15,1350,1949,445,14,0
1170,1.2,4,30,0.4,8,15,27,1722,1073,8,0
1269,1.3,14,52,0.8,2,15,1597,1920,665,5,1
1288,2.8,15,50,0.1,2,20,1177,1809,3129,2,3
1366,0.7,0,34,0.1,2,9,402,964,3501,3,3
1572,0.8,7,8,0.8,5,8,577,1237,3461,10,3
1627,0.9,9,32,0.1,6,16,52,1082,3206,16,3
1701,0.5,13,46,0.9,2,15,364,828,3717,10,3
1900,0.5,0,55,0.9,1,1,934,1241,3917,18,3
1974,1.0,4,24,0.3,7,13,250,545,861,6,0
1197,0.5,9,20,0.1,5,10,214,1710,2885,14,2
587,2.3,4,6,0.7,1,16,612,1793,2777,14,2
934,1.1,7,24,0.8,5,12,1111,1463,1017,9,0
1195,2.0,1,23,0.1,4,9,163,1100,980,17,0
1853,1.0,2,23,0.4,1,15,202,1951,2775,17,3
1164,1.0,4,19,0.9,8,18,729,1704,3309,3,3
1512,0.5,8,18,0.1,3,17,1079,1897,3607,6,3
1232,2.9,1,24,0.3,5,17,361,809,1257,16,0
1813,0.6,0,5,0.2,3,8,338,1306,759,14,0
946,2.6,17,5,0.1,3,20,1698,1771,3720,4,3
739,2.3,2,58,0.1,3,4,1052,1536,475,6,0
704,2.7,8,29,0.2,1,10,1108,1509,1122,10,0
1663,0.5,0,40,0.6,4,15,951,1545,1336,15,1
1966,1.4,2,40,0.9,8,18,1197,1987,1185,20,2
1219,1.0,0,17,0.7,5,4,473,1022,705,6,0
612,0.7,6,35,0.6,5,12,1294,1337,3169,6,2
1658,1.4,0,39,0.7,1,5,410,522,3483,15,3
1263,0.5,12,64,0.3,5,18,178,1883,1183,17,1
1395,2.8,0,55,0.6,3,1,782,1787,3373,16,3
621,2.7,0,54,0.1,4,20,434,910,2801,5,2
652,0.5,1,58,0.6,3,2,464,781,565,9,0
1175,0.6,10,25,0.1,2,12,137,1501,3153,12,2
561,1.0,0,11,0.1,8,10,492,1176,3421,5,2
1137,2.2,6,3,0.9,5,7,1250,1285,316,17,0
1835,2.3,4,11,0.1,7,13,385,583,448,14,0
1170,2.9,2,40,0.4,6,5,427,684,2366,2,1
1595,0.8,0,44,0.7,4,20,1024,1838,3881,9,3
1719,2.0,0,12,0.3,8,7,240,904,462,5,0
1770,2.3,0,7,0.8,7,6,886,1552,1480,17,1
1312,0.5,0,28,0.8,2,0,1233,1854,1087,14,1
1878,1.5,5,56,0.3,5,13,183,559,2711,3,2
1871,2.0,7,20,0.1,7,14,88,1682,2144,12,2
922,1.5,1,35,0.9,7,15,1016,1383,1165,4,0
1975,1.5,6,16,0.9,8,11,80,655,2998,13,2
1212,2.6,1,46,0.3,4,8,611,1715,2249,4,2
1430,0.9,3,56,0.1,3,5,569,906,752,17,0
1958,1.9,0,4,0.2,2,3,304,637,1409,3,1
1836,2.1,0,30,0.2,7,15,276,1230,3072,5,3
557,1.6,0,24,0.5,3,0,1131,1315,1305,3,0
539,0.6,9,21,0.1,7,14,551,599,3597,9,2
880,0.5,1,44,0.5,8,15,436,1302,3132,6,2
1369,1.8,6,34,0.5,1,7,553,727,3856,18,3
1109,2.7,1,39,0.4,1,9,1391,1787,1524,7,1
843,1.8,0,16,0.1,5,6,981,1096,3673,20,3
598,2.3,7,21,0.7,2,10,680,1173,3293,7,2
972,2.7,1,5,1.0,4,2,687,816,3035,19,2
1944,0.5,5,36,0.1,6,18,1060,1970,584,13,1
1225,0.7,0,2,0.6,7,1,217,1101,2675,15,2
644,1.3,7,30,0.5,1,16,1140,1654,2382,19,2
1919,1.5,5,48,0.8,4,6,304,1191,1391,12,1
501,2.3,12,54,0.3,4,19,504,1089,2346,2,1
1620,2.2,0,30,0.2,3,3,832,1033,606,18,0
1227,1.1,0,34,0.2,3,3,935,1781,1324,12,1
1359,0.5,1,58,0.5,6,3,446,901,1076,4,0
1914,0.7,1,35,0.6,8,2,942,1701,643,8,1
1645,1.8,1,21,0.7,7,2,897,1308,783,20,0
1063,1.1,0,26,0.8,5,2,1208,1232,3809,5,3
946,2.1,0,19,0.2,8,0,159,630,2104,16,1
1231,1.2,5,54,0.8,3,10,632,1184,1762,6,1
1397,2.9,13,9,0.5,6,18,1308,1991,3137,11,3
701,0.7,7,15,0.5,3,11,1002,1256,1756,17,1
570,0.5,2,9,0.3,7,5,1331,1917,3663,14,3
1993,0.5,10,27,0.3,8,11,150,510,2437,9,2
955,0.5,4,43,0.9,5,8,1248,1511,1432,9,1
924,0.5,0,47,0.3,8,6,108,1813,1620,12,1
600,0.5,0,14,0.8,5,2,320,747,1655,9,0
518,0.8,0,3,0.1,7,1,437,1947,2832,8,2
1063,2.5,0,31,0.9,6,10,295,935,961,5,0
920,0.5,2,46,0.8,3,3,1058,1421,2608,2,2
1715,1.9,4,3,0.1,5,6,79,1652,514,13,0
1841,1.3,6,14,0.6,8,8,593,672,2304,18,2
543,0.5,4,60,0.7,5,7,693,1031,933,5,0
1762,2.7,13,25,0.9,1,14,300,527,1896,20,1
1112,0.5,1,53,0.6,4,16,234,739,3655,20,3
709,2.0,0,35,0.1,1,0,1545,1596,1973,16,1
1315,2.6,7,64,0.8,7,16,59,575,3278,13,2
1762,2.5,10,15,0.3,8,11,1103,1364,2183,11,2
1462,1.7,1,25,0.2,7,18,91,1478,824,13,0
571,1.6,8,35,0.2,7,20,177,1282,2598,8,1
666,0.5,7,54,0.4,3,13,58,1353,1254,9,0
1994,1.5,2,7,0.5,8,7,447,1435,3622,20,3
1583,2.1,11,14,0.7,7,16,942,1651,1704,2,2
1778,1.4,3,45,1.0,4,17,88,516,1624,9,1
1926,1.1,13,50,0.2,6,17,371,1000,3809,17,3
966,0.6,9,50,0.2,4,10,1446,1754,2574,5,2
568,2.0,1,36,0.3,3,4,181,1703,950,9,0
1897,3.0,1,21,0.5,8,2,1311,1935,273,3,0
1695,0.5,6,46,0.7,3,9,1791,1898,446,15,1
1623,1.2,6,61,0.9,7,12,1568,1832,1510,17,2
914,0.5,0,26,0.7,4,0,706,721,1122,2,0
1721,0.5,4,33,0.5,4,5,871,1048,707,5,0
890,2.2,4,44,0.5,8,13,1074,1873,751,3,0
600,0.5,1,48,0.8,3,7,501,1465,3393,8,2
1677,1.8,4,11,0.7,6,8,271,1477,3771,12,3
723,0.5,0,3,0.2,4,3,920,1748,1851,16,1
638,1.7,11,27,0.5,4,17,1171,1383,2735,9,2
852,1.0,4,62,0.7,7,13,293,1159,2253,7,1
1979,1.6,0,32,0.2,7,1,833,1630,452,14,0
710,0.5,6,32,0.8,5,9,485,857,1419,18,0
1034,2.6,2,45,0.3,3,4,182,1293,969,7,0
600,2.5,8,22,0.1,1,11,207,1162,3441,5,2
1027,0.5,2,64,0.9,2,7,1698,1747,3786,12,3
1260,0.6,5,13,1.0,6,6,165,736,2710,8,2
1793,1.8,10,12,0.5,6,17,1086,1418,3533,15,3
675,2.3,10,60,0.9,5,15,192,757,1735,13,0
658,2.7,0,12,0.9,7,3,1156,1750,3587,20,3
1694,0.6,0,34,0.3,7,7,377,549,2298,2,2
804,0.8,12,41,0.9,1,13,709,818,2027,11,1
1713,2.5,1,27,0.9,7,3,729,974,2406,20,2
706,0.5,13,31,0.1,3,19,543,938,2419,4,1
1362,0.5,3,25,0.8,7,9,553,1505,995,18,0
1527,2.7,10,60,0.1,5,14,526,1116,2078,11,2
768,0.5,0,19,0.9,2,1,637,991,1145,7,0
1314,2.9,8,41,0.1,4,12,113,577,626,4,0
705,0.5,5,57,0.9,6,9,1114,1374,1509,18,1
1403,2.7,2,26,0.1,5,3,461,1251,3371,9,3
1486,2.6,7,52,0.1,4,15,1430,1747,297,15,0
781,1.1,2,38,0.4,5,7,304,1674,3508,5,3
986,1.5,1,23,0.8,8,3,471,800,2385,19,1
1310,1.4,0,33,0.4,1,14,806,1016,1301,19,1
560,2.0,6,57,0.3,3,12,80,1327,2167,7,1
1348,1.3,0,43,0.4,5,6,204,501,3914,8,3
1567,0.5,3,22,0.5,6,6,545,1621,2312,18,2
1940,0.9,4,17,0.7,5,7,112,858,2297,8,2
1979,2.9,0,19,1.0,3,9,1331,1532,411,2,0
561,2.1,7,2,0.1,3,13,1055,1294,665,4,0
1717,1.3,1,62,0.7,1,3,609,810,3226,5,3
535,1.5,1,48,0.7,1,4,290,811,740,18,0
1413,0.5,4,39,0.1,5,12,1039,1318,3878,4,3
1358,2.5,0,20,0.6,7,0,1485,1655,3406,11,3
1519,2.9,2,30,0.7,7,8,1122,1702,2440,10,2
1254,1.2,2,50,0.7,5,6,462,1013,3959,17,3
1591,2.2,3,49,0.4,6,7,1384,1883,3703,20,3
977,2.8,2,35,0.6,2,15,1502,1862,3714,10,3
1640,0.7,10,21,0.8,7,14,589,1301,337,5,0
663,0.8,0,25,0.6,2,1,82,1605,3176,2,2
1744,1.0,1,20,0.5,8,3,68,718,1205,14,1
1624,1.6,8,28,0.4,2,10,689,699,2473,2,2
1108,1.3,14,2,0.3,7,20,208,1742,1229,4,0
1188,1.4,0,9,0.6,2,0,1339,1558,2896,16,3
817,1.3,0,11,0.5,3,11,722,766,2039,19,1
863,1.6,5,6,0.7,4,13,717,1799,520,18,0
1397,2.4,5,3,0.2,3,15,433,1658,1378,4,1
1108,1.0,3,49,0.7,5,12,1298,1666,3254,16,3
1068,2.0,1,37,0.9,7,13,186,1998,1803,7,1
1702,2.3,12,52,0.5,2,15,1397,1491,2501,4,3
808,0.5,0,8,0.1,4,1,618,1891,3762,12,3
1156,0.5,6,61,0.1,7,9,1214,1262,1796,13,1
1271,0.5,2,54,0.1,8,3,613,650,990,6,0
696,0.5,6,51,0.3,3,8,649,907,2630,9,1
1981,1.9,13,45,0.3,6,18,193,1234,1380,13,1
614,1.7,0,58,0.2,7,2,22,519,3487,11,2
1590,0.6,0,7,0.3,3,17,1464,1595,1201,18,1
1945,1.6,4,21,0.7,3,10,280,895,3015,15,3
1135,2.8,9,43,0.4,1,11,690,1589,3204,6,3
1049,0.6,8,2,0.3,6,10,39,1564,433,6,0
1807,2.1,2,49,0.8,1,10,337,1384,1906,13,2
984,0.5,13,42,0.8,7,17,1036,1611,898,13,0
720,1.4,0,61,0.6,7,8,1347,1733,2799,15,3
1536,0.8,12,13,0.3,7,20,22,1634,2020,16,2
771,0.5,3,25,1.0,4,6,327,922,770,20,0
503,2.5,3,57,0.6,6,11,778,1291,305,16,0
675,2.4,1,42,0.6,7,2,482,874,2953,13,2
1936,1.9,13,34,0.2,7,14,591,1089,1671,9,1
1303,1.0,0,15,0.1,3,10,229,1604,2574,14,2
1004,2.9,0,35,0.2,6,9,901,1162,3772,18,3
1972,1.2,0,37,0.7,2,1,715,1648,2870,17,3
1822,1.2,0,8,0.2,6,0,172,910,2577,8,2
1159,2.8,5,18,0.5,1,7,681,723,2246,3,1
1782,2.8,6,58,0.8,1,13,867,999,2405,16,2
894,2.1,16,16,0.7,8,20,286,1300,3377,6,2
1884,2.1,7,43,0.8,1,18,451,819,3619,7,3
1648,0.5,1,17,0.9,2,3,1119,1238,1184,2,1
798,2.4,5,4,0.2,3,9,526,643,2965,14,2
802,2.4,1,45,0.8,3,9,1299,1633,3713,8,3
1276,2.9,2,53,0.3,2,3,217,735,3798,8,3
1331,1.6,0,16,0.5,2,7,1109,1226,1026,20,1
1620,2.6,6,5,0.9,6,18,434,1339,1086,13,1
1996,2.5,5,51,0.4,4,9,671,1445,2236,12,2
1092,2.7,8,45,0.8,1,10,1404,1424,1303,20,1
1018,0.7,7,63,0.1,5,18,856,883,3048,2,2
545,0.5,0,11,0.3,3,1,381,1452,616,19,0
554,1.3,0,12,0.1,6,10,85,806,3764,4,2
1264,2.9,2,34,0.2,3,3,562,849,419,3,0
1030,1.6,3,58,0.2,6,20,1111,1812,2858,18,3
1432,1.7,6,39,0.3,4,18,209,947,504,10,0
558,2.8,1,49,0.8,5,4,997,1605,392,8,0
829,0.5,0,56,0.6,7,1,91,1916,820,11,0
1741,1.8,0,14,0.7,8,0,730,1895,3387,3,3
1849,2.3,7,15,0.4,5,19,606,1123,3447,19,3
733,2.1,5,7,0.2,7,10,445,1409,1403,2,0
1872,0.9,0,16,0.5,2,2,286,1484,2295,16,2
1853,0.5,1,27,0.3,6,13,985,1005,1973,8,2
1149,2.2,4,30,0.2,6,5,1617,1675,3755,8,3
891,0.5,9,25,0.3,2,19,375,1724,2073,10,1
1911,2.0,7,64,0.6,8,8,1795,1958,3872,11,3
550,0.5,16,23,0.1,2,17,486,1930,302,8,0
576,0.8,0,27,0.1,2,4,757,1518,1519,8,1
1760,1.9,1,50,0.8,1,2,273,1704,2549,4,2
969,2.4,0,45,0.3,7,0,491,589,404,19,0
1160,1.1,1,63,0.7,3,2,762,859,595,15,0
827,1.1,2,18,0.9,2,16,448,821,1663,17,0
1786,0.5,9,58,0.7,7,10,231,1671,2764,7,3
774,0.6,2,8,0.4,1,4,1713,1865,2614,14,2
819,2.5,0,11,0.2,8,1,438,822,1094,15,0
1042,2.2,15,11,0.6,5,16,68,1018,2826,2,2
1368,3.0,10,50,0.2,7,18,698,829,2496,5,2
1592,2.1,6,50,0.1,2,17,510,522,2103,7,1
1067,1.8,11,14,0.2,1,15,965,1009,966,13,0
1892,0.7,5,47,0.4,4,10,1399,1564,2172,3,2
915,1.1,6,56,0.6,8,17,532,1448,905,12,0
774,2.8,7,55,0.9,3,18,8,896,3916,12,3
1848,1.4,2,42,0.7,2,10,154,605,3902,3,3
1501,1.1,12,2,0.2,1,15,198,1056,2487,16,2
1614,1.9,8,55,0.3,3,17,860,1330,3914,13,3
911,2.9,0,46,0.1,5,1,461,670,363,17,0
1520,0.5,1,24,0.7,5,8,109,1909,3233,4,3
1647,1.4,3,38,0.3,6,15,193,1185,2532,15,2
1347,0.9,8,53,0.8,6,15,961,1008,3836,14,3
967,1.6,4,25,0.6,8,9,243,1642,3076,18,2
1442,2.2,0,56,0.7,5,3,1626,1668,1513,7,2
1204,2.6,0,10,0.3,7,3,480,1482,1724,19,1
1320,2.1,0,41,0.6,7,2,123,1229,542,14,0
1800,0.7,2,8,0.4,7,6,400,823,3481,8,3
1567,2.1,3,22,0.8,3,19,190,1326,3991,10,3
1439,0.9,12,20,0.8,1,17,626,932,1790,15,1
1422,1.0,15,3,0.1,1,17,1,926,509,3,0
1591,2.2,4,52,1.0,3,16,548,1641,282,14,0
880,1.7,2,6,0.6,4,19,632,660,3006,3,2
1929,0.5,0,19,1.0,6,2,349,1051,1913,6,1
1642,1.6,0,5,0.4,5,2,1686,1889,1333,2,2
1511,2.5,3,21,0.2,3,18,1455,1982,3746,5,3
1312,1.3,5,10,0.6,2,9,95,893,3941,13,3
1852,1.4,4,10,0.7,1,18,580,1163,3970,11,3
972,1.3,8,44,0.7,7,10,297,589,3925,7,3
691,2.7,4,33,0.9,4,8,951,962,424,15,0
807,0.5,9,8,0.3,5,20,667,697,1284,2,0
1113,0.6,0,25,0.3,1,10,1047,1312,277,12,0
721,1.3,10,16,0.9,1,18,408,1862,1713,4,1
1188,1.5,0,54,0.3,6,2,1150,1469,485,7,0
1512,0.5,1,52,0.1,1,14,333,952,3002,7,2
805,0.7,0,64,0.1,4,14,641,704,418,17,0
918,0.9,1,8,0.1,7,5,653,671,1652,14,1
1320,0.5,7,48,0.2,5,16,103,1583,2893,9,2
1236,0.9,2,57,0.1,1,14,517,809,1406,20,0
1387,0.5,0,61,0.5,3,0,785,1151,629,11,0
1883,2.7,6,30,0.5,2,10,531,791,3724,20,3
839,2.0,0,14,0.4,7,3,564,1391,3835,11,3
1593,1.0,0,52,0.7,8,0,761,1336,1354,13,1
1722,1.0,7,25,0.8,6,19,1179,1638,2376,19,3
1954,0.6,8,7,0.9,3,9,673,690,3438,13,3
1788,0.5,15,2,0.3,6,20,472,1073,2655,4,2
1628,0.5,5,33,0.9,6,8,412,643,3361,13,3
1965,0.5,6,4,1.0,7,9,977,1660,3535,16,3
833,2.2,4,27,0.9,1,6,359,1395,2150,7,1
571,0.6,1,43,0.5,3,8,224,783,2587,18,1
1808,0.5,1,31,0.5,2,16,714,1208,2736,8,3
1860,0.5,2,55,0.7,6,3,195,799,676,4,0
1368,1.6,4,9,0.1,7,7,843,1145,2941,17,3
1161,1.3,0,21,0.6,8,12,308,1169,3336,14,3
1224,1.6,9,33,1.0,1,18,522,563,3796,13,3
902,0.6,0,63,0.7,5,14,364,1360,3654,15,3
787,0.5,15,11,0.6,1,16,806,1423,2934,14,2
854,0.5,2,30,0.5,8,5,518,1152,2889,11,2
1184,1.5,1,48,0.6,1,6,519,1577,3315,14,3
1973,1.6,5,39,0.8,4,6,792,1181,1993,5,2
510,1.7,3,35,0.8,3,6,382,1228,2509,11,1
966,2.0,8,34,0.5,2,10,214,1523,3534,11,3
1438,1.8,3,16,0.6,8,7,859,867,2246,15,2
1986,0.5,7,51,0.4,3,9,342,774,3165,13,3
1907,2.0,13,55,0.9,7,15,713,1513,286,17,0
1489,2.4,8,32,0.6,1,16,172,812,776,8,0
1843,1.8,13,16,0.7,6,18,118,580,3213,15,3
825,1.5,11,38,0.4,3,18,540,783,716,14,0
1286,2.3,10,16,0.1,2,18,18,662,424,4,0
840,0.6,0,63,0.8,7,19,987,1081,3486,18,3
757,2.3,5,58,0.2,4,7,535,697,3237,9,2
814,1.1,2,41,0.8,2,10,1092,1406,1944,12,1
1195,1.1,2,8,0.9,6,6,327,1001,643,19,0
767,0.8,7,10,0.5,4,12,517,1995,2317,12,2
1068,1.3,6,52,0.1,8,7,994,1500,1436,15,1
994,2.8,0,56,0.5,3,3,491,530,3190,20,2
1550,2.5,6,21,0.8,2,11,268,832,2338,15,2
1878,0.5,9,29,0.6,8,19,210,1026,1334,2,1
623,2.0,2,6,0.1,3,4,144,672,3657,19,2
1829,0.5,0,15,0.4,5,7,729,1267,2080,12,2
525,2.4,11,35,0.8,7,20,82,670,1609,3,0
1065,0.5,0,14,0.7,2,2,188,928,3078,18,2
1425,1.2,9,35,0.7,8,14,150,1897,590,6,0
1296,1.4,3,11,0.2,7,4,1222,1382,2552,10,2
642,2.8,3,34,0.8,2,15,331,1011,3355,13,2
1664,2.9,9,15,0.5,7,19,1178,1929,1968,9,2
1498,0.7,3,8,0.1,7,4,347,1076,3358,19,3
981,1.9,0,2,0.1,3,7,75,688,1539,19,0
1236,2.8,6,32,0.3,4,18,492,1403,942,14,0
1673,2.8,7,9,0.1,3,10,65,734,3669,10,3
712,1.6,6,9,0.8,2,14,881,1234,3612,4,3
569,0.5,10,4,0.8,3,19,351,1159,2351,10,1
603,0.7,0,64,0.2,6,0,1842,1968,604,8,0
1332,0.8,2,11,0.5,2,4,758,1165,1285,9,1
1413,0.6,0,13,0.1,1,0,1323,1481,515,18,0
1064,2.9,1,34,0.2,6,13,1175,1569,654,6,0
1444,0.6,2,48,0.5,5,17,1092,1554,2540,15,3
1366,1.7,5,53,0.2,5,9,647,1876,3869,14,3
906,2.1,7,18,0.1,2,11,1102,1793,3412,16,3
1554,2.7,3,47,0.7,5,12,319,1367,509,19,0
1187,2.3,0,21,0.2,6,6,215,1125,2547,5,2
1156,2.7,1,30,0.9,3,16,945,1913,2735,13,2
1918,2.8,1,22,0.3,1,5,381,1203,1369,6,1
841,0.5,8,39,0.1,6,13,546,828,2942,16,2
730,1.3,6,6,0.9,7,10,1096,1155,2812,17,2
878,1.3,13,31,0.5,4,18,575,618,3497,11,2
1059,0.5,0,50,0.7,8,1,519,1545,619,18,0
1578,2.9,8,3,0.9,1,20,342,670,3483,16,3
1829,1.7,0,36,0.8,5,1,291,563,1475,7,1
1132,1.0,0,8,0.1,1,4,1091,1293,1950,6,1
1652,0.6,4,40,1.0,7,6,352,1084,3592,6,3
912,0.5,0,58,0.3,5,1,165,1723,3573,20,3
1181,2.3,12,61,0.6,2,16,385,831,2020,18,1
1497,0.7,5,32,0.7,3,9,1920,1933,1329,7,2
1790,2.3,3,49,0.5,3,11,396,1980,3568,18,3
1742,1.6,3,49,0.8,1,9,1134,1469,1947,6,2
1549,0.5,4,8,0.4,5,7,721,1514,1998,15,2
1372,2.7,7,34,0.4,4,17,687,937,725,20,0
1112,0.5,0,12,0.9,4,6,777,1119,3302,20,3
1005,0.5,0,46,0.4,8,17,176,1556,3884,20,3
783,1.7,9,27,0.3,6,11,458,1263,1185,6,0
1698,2.5,10,26,0.4,2,18,485,1819,1656,17,2
899,2.7,3,53,0.3,4,11,641,1638,2870,10,2
1062,1.5,3,45,0.2,3,4,798,1435,911,9,0
989,2.0,4,17,0.2,3,19,256,1394,3892,19,3
1983,1.2,6,27,0.6,1,11,370,1197,3897,10,3
1800,3.0,5,53,0.3,1,12,191,1108,656,18,0
1254,1.7,0,45,0.4,3,3,1571,1956,606,2,1
868,1.7,0,30,0.8,4,0,276,1026,1653,17,1
1205,0.5,3,12,0.6,4,6,573,614,860,14,0
1284,2.8,0,10,0.9,2,14,160,516,2197,9,1
626,0.7,2,23,0.5,2,9,90,1334,3458,11,2
1763,2.9,1,53,0.2,4,20,138,806,2066,17,1
694,1.8,15,36,0.4,4,20,983,1230,3676,5,3
1265,0.6,4,49,0.5,1,5,275,687,1518,8,1
816,0.5,4,14,0.9,3,13,149,558,1018,15,0
904,1.8,3,35,0.4,3,4,42,507,1360,11,0
979,0.5,0,5,0.5,7,2,793,1670,3449,14,3
1531,2.0,0,60,0.4,6,1,625,765,2524,7,2
934,2.0,2,30,0.7,8,15,521,1190,703,7,0
1624,2.6,0,58,1.0,3,11,1530,1744,1251,18,1
874,1.3,5,8,0.5,1,20,442,1248,582,15,0
1027,2.2,0,63,0.8,5,4,152,714,1732,13,1
1966,0.8,15,48,0.2,1,16,1242,1973,1252,19,2
1048,1.5,2,29,1.0,1,4,29,1670,2146,2,1
1496,1.9,13,38,0.1,4,14,501,506,1927,6,1
959,1.7,15,13,0.4,4,16,87,736,3328,10,2
1349,2.2,5,55,0.1,7,7,648,1019,2462,17,2
1689,2.4,0,13,0.9,2,9,521,674,1172,17,0
1558,2.4,0,27,0.1,1,1,120,1409,3598,12,3
582,0.5,3,27,0.2,3,10,985,1420,2437,2,2
1485,2.8,3,44,0.1,4,14,341,774,3271,8,3
1991,1.8,11,9,0.7,3,12,751,1377,1511,9,1
553,0.5,2,23,0.5,3,3,993,1517,2981,14,2
1231,0.7,2,7,0.9,1,7,43,1663,3119,15,3
805,0.8,1,34,0.6,6,2,1262,1538,3647,9,3
764,1.2,1,13,1.0,8,2,361,511,3148,6,2
894,0.9,5,54,0.2,3,15,104,541,2829,13,2
1589,2.6,9,46,0.4,3,16,618,940,2373,20,2
1456,1.6,9,39,0.1,8,10,815,1666,3998,13,3
743,0.5,0,33,0.3,2,1,1587,1659,316,4,0
1061,2.1,3,52,0.1,7,4,138,1330,999,9,0
1428,1.6,0,7,0.1,4,2,584,983,1808,13,1
674,2.8,0,8,0.2,3,0,750,772,589,4,0
832,1.1,0,46,0.3,6,0,820,1366,3317,19,3
1625,0.5,2,50,0.1,8,17,8,1219,670,8,0
907,1.4,3,42,0.2,1,16,171,507,584,6,0
1631,0.5,2,13,0.5,2,16,960,1735,2173,8,2
1584,1.3,6,41,0.6,4,15,160,1291,1561,17,1
1382,0.5,7,13,0.3,2,18,612,719,2073,9,1
633,1.4,0,46,0.7,6,10,709,1915,1401,11,1
1444,2.1,9,38,0.4,7,16,624,917,3764,10,3
852,1.6,6,54,0.4,5,7,538,730,1275,12,0
922,0.7,0,47,1.0,8,14,1295,1808,1464,12,1
1745,1.5,4,57,0.1,3,16,1164,1908,2885,5,3
862,2.3,9,6,0.1,8,14,829,1977,3458,9,3
1754,2.1,1,52,1.0,4,3,199,1452,3019,19,3
1008,2.5,3,36,1.0,1,14,825,1972,1083,6,1
1569,0.5,3,33,0.2,1,13,519,930,3538,15,3
1596,2.9,7,7,0.7,2,9,169,1190,2493,13,2
1807,0.5,2,61,0.1,6,6,1734,1968,3726,15,3
1660,2.8,4,7,0.8,1,6,76,1165,1531,7,1
1861,0.9,4,55,0.5,7,8,1698,1877,601,4,1
648,1.9,4,8,1.0,5,19,819,1997,2991,4,2
1379,0.5,1,19,0.3,8,17,387,671,3912,19,3
1910,1.7,0,34,0.6,2,0,985,1284,309,10,0
1807,2.0,0,13,0.5,8,0,970,974,323,3,0
1923,0.5,7,46,0.5,1,10,767,1759,1489,3,1
1345,3.0,7,38,0.1,3,11,512,1465,1322,15,1
904,1.6,5,14,0.2,8,9,56,760,1846,3,1
1239,1.2,5,52,0.9,2,10,590,661,417,6,0
1330,0.9,6,52,0.8,4,12,462,1304,3269,8,3
516,0.7,1,30,0.9,1,12,126,698,3731,15,2
672,0.5,0,54,0.9,4,11,578,1143,667,14,0
892,0.5,0,47,0.4,1,18,655,1782,1241,9,1
1778,0.5,0,23,0.5,6,11,1028,1445,3941,13,3
1130,2.5,4,58,0.1,5,14,88,1261,1018,16,0
1359,0.6,4,59,0.3,2,6,1692,1902,3142,17,3
1866,2.5,3,47,0.8,5,9,358,1782,1444,20,1
1597,2.3,11,34,0.4,1,14,64,1667,934,9,0
1046,2.8,0,58,0.2,8,0,259,1040,3863,9,3
1035,0.6,2,44,0.5,3,3,236,1960,3506,12,3
1175,1.3,2,19,0.3,7,9,873,1394,1944,9,1
1261,0.5,0,11,0.2,4,0,858,1591,348,14,0
1068,0.7,9,51,0.5,4,15,1405,1910,550,6,0
1713,3.0,5,20,0.9,7,17,237,890,971,10,0
1688,2.5,0,21,0.2,7,0,650,864,3984,8,3
1413,0.5,4,45,0.4,5,6,1949,1994,2973,15,3
559,0.5,10,11,0.4,5,14,541,823,2019,16,1
1483,2.6,13,19,0.6,7,19,361,1552,1587,19,1
860,1.6,13,48,0.5,7,18,335,1463,1870,18,1
1090,1.3,5,27,0.1,4,16,1638,1910,1352,11,1
686,0.5,11,3,0.3,6,15,1109,1392,570,19,0
818,1.3,14,43,0.9,6,15,111,510,546,7,0
1456,1.6,5,49,0.2,3,20,1285,1427,3624,16,3
774,0.5,2,10,0.5,2,9,1480,1731,2944,2,2
1068,0.5,0,19,0.9,8,9,322,875,1209,12,0
1373,1.9,1,29,0.9,6,12,1220,1348,2752,7,3
1777,3.0,3,20,0.6,6,5,511,616,3868,7,3
594,0.8,2,28,0.1,5,3,1011,1263,3087,4,2
1524,2.6,5,57,0.5,2,12,629,635,947,16,0
511,0.6,12,50,0.1,3,16,140,622,1484,8,0
1402,0.6,3,46,0.3,7,12,1081,1767,347,12,0
965,0.5,15,53,1.0,8,19,297,653,3227,8,2
1270,2.3,0,58,0.5,5,1,1512,1716,3299,16,3
919,0.5,11,13,0.3,1,15,275,570,1028,17,0
1963,1.0,16,34,0.1,2,17,1136,1813,714,2,1
1977,1.3,2,31,0.4,8,6,1145,1356,2641,7,3
1881,2.2,4,51,0.3,5,7,477,1553,1229,14,1
683,0.7,5,19,0.9,4,17,954,1985,2622,5,2
772,2.6,7,6,0.1,2,10,741,1471,929,18,0
536,1.4,0,53,0.7,3,0,547,705,1211,7,0
1694,1.8,0,53,1.0,6,0,1194,1208,1653,6,2
1633,1.7,3,33,0.9,2,19,146,906,511,7,0
1371,0.5,4,52,0.5,4,19,471,663,3034,8,2
551,2.8,0,54,0.1,7,15,169,1916,1414,19,0
1221,0.5,1,28,0.5,1,7,1895,1976,2438,10,3
1000,0.5,12,63,0.7,8,18,1537,1761,3744,7,3
1986,2.7,3,64,0.2,4,20,236,1520,1377,15,1
1119,0.5,0,23,0.4,4,1,821,915,3520,7,3
1699,0.5,1,59,0.5,4,3,466,1768,3796,12,3
1099,0.5,13,61,0.3,3,20,393,1096,1699,3,1
1576,2.6,7,58,0.2,3,16,400,631,336,13,0
950,0.5,9,55,0.1,5,10,774,843,1095,13,0
1081,2.5,13,49,1.0,3,17,284,519,325,6,0
606,2.5,1,53,0.2,4,2,465,1152,1223,7,0
502,1.5,7,37,0.2,2,12,705,1810,1649,14,1
957,0.7,0,4,0.1,2,0,38,1682,1898,3,1
1658,1.4,0,38,0.3,5,0,51,739,2609,19,2
1681,2.5,6,18,0.3,1,7,850,1005,2265,20,2
1983,0.5,3,43,1.0,6,10,349,676,2775,3,2
1753,1.2,8,12,0.9,7,17,387,1595,1445,12,1
1632,1.4,0,41,0.1,4,1,706,1623,2614,15,2
1949,1.4,7,57,0.3,7,11,951,1178,356,19,0
1696,1.7,1,13,0.9,3,2,179,772,523,4,0
688,2.5,0,57,0.8,7,3,426,1964,3745,4,3
1104,1.7,1,60,0.4,2,13,653,1413,1229,3,0
1122,2.8,0,28,0.6,3,4,1578,1963,1402,3,1
504,0.5,2,46,0.9,5,14,280,1795,2085,8,1
1154,0.5,12,14,0.7,7,14,251,1801,587,4,0
1727,2.1,2,63,0.6,7,8,1463,1992,2457,7,3
1674,2.8,0,52,0.2,3,7,1432,1649,2030,6,2
1948,2.8,5,18,0.2,2,14,477,571,816,3,0
1218,2.8,3,39,0.8,7,14,1122,1746,1667,12,1
531,1.1,10,63,0.7,7,14,145,1903,2958,19,2
1057,2.1,4,5,0.5,5,13,416,1055,3705,13,3
576,1.2,1,30,0.8,8,5,847,893,2800,16,2
1960,2.1,1,7,0.2,7,9,868,877,3773,6,3
673,1.7,3,22,0.1,1,5,594,1088,2050,17,1
718,0.7,0,21,0.8,1,7,518,830,1754,9,1
864,1.7,3,35,0.3,3,7,663,1805,1904,13,1
547,1.9,1,37,0.4,5,4,371,541,2705,10,1
623,0.9,1,3,0.1,8,7,1749,1781,3537,3,3
1793,0.7,11,27,0.4,5,13,586,722,1370,19,1
1720,0.7,0,19,0.1,2,3,409,646,1222,7,1
812,0.5,1,64,1.0,4,7,35,1309,3102,2,2
980,0.5,0,33,0.9,6,0,1008,1758,2268,4,2
643,1.0,9,18,0.2,8,12,442,1079,2648,18,1
1925,3.0,0,16,0.8,8,11,983,1087,2173,19,2
1408,2.5,3,32,0.1,4,6,875,982,3162,3,3
1522,0.7,4,28,0.2,1,5,952,1191,1368,17,1
587,2.5,16,51,0.6,1,17,244,1361,2746,7,2
1959,0.5,5,18,0.7,6,20,65,1055,619,8,0
1872,0.5,3,17,0.7,6,6,1749,1767,724,9,1
1043,0.5,7,42,0.1,3,8,716,1626,912,6,0
1809,0.5,6,23,0.7,6,19,433,1661,2784,20,3
1703,0.5,5,23,0.2,6,7,134,521,793,17,0
1095,0.5,4,45,0.5,1,5,179,1247,560,10,0
1414,2.6,1,27,0.6,4,20,804,1564,312,8,0
1659,2.5,2,41,0.1,7,18,787,1515,545,9,0
1540,0.7,1,60,0.8,7,12,704,822,1591,2,1
1342,1.0,0,31,0.6,7,1,991,1638,2746,10,3
1189,2.3,13,8,0.5,3,14,379,932,893,13,0
518,2.4,0,62,0.6,6,0,489,710,2514,7,1
1449,0.8,3,10,0.2,1,12,1518,1883,1032,8,1
516,1.1,0,39,0.4,5,7,855,1401,819,10,0
1569,0.8,8,59,0.9,3,16,1261,1383,3672,15,3
1312,0.8,0,24,0.9,6,0,115,1791,3833,17,3
1893,0.5,1,23,0.1,8,3,1203,1432,1482,17,2
1076,2.5,3,14,0.2,5,4,545,1300,2043,14,1
530,2.6,1,40,0.9,6,2,818,1090,1229,2,0
1044,2.8,7,33,0.6,4,13,42,1262,1816,15,1
1330,1.1,11,37,0.7,7,20,1103,1637,2166,4,2
1836,1.1,0,14,0.7,5,1,168,1068,2469,7,2
1741,0.5,1,55,0.1,5,3,719,755,2575,7,2
1869,2.6,0,30,0.4,1,13,163,874,1375,19,1
1331,0.5,8,55,0.9,3,15,1162,1531,1732,11,1
1655,0.5,6,4,0.1,3,12,626,1348,673,12,0
605,1.5,9,18,0.9,2,14,329,656,2301,8,1
1245,0.6,2,30,0.7,5,3,330,1434,2676,7,2
1709,0.8,8,58,0.8,2,10,956,1292,1781,17,2
846,2.6,0,58,0.1,4,15,1140,1983,2248,13,2
1403,2.5,3,62,0.9,4,13,217,1623,921,18,0
688,1.5,0,2,1.0,3,2,271,869,391,8,0
775,2.5,1,10,0.1,7,14,444,1555,1719,18,1
1154,2.0,6,35,0.8,5,16,1003,1827,3262,16,3
1375,0.5,2,35,0.1,2,3,227,772,1947,15,1
1827,0.8,4,61,0.9,7,9,253,1764,2693,7,3
1697,0.5,0,60,0.1,4,0,88,1046,441,11,0
741,1.5,1,14,0.3,5,13,334,594,1886,9,0
1672,0.5,13,32,0.7,1,20,1281,1896,1267,20,1
514,0.7,4,57,0.1,3,7,168,1320,687,20,0
1375,1.3,2,12,0.1,1,13,898,1687,2890,12,3
989,1.8,4,55,0.7,1,12,46,1069,1737,10,1
1510,2.5,11,47,0.7,2,13,118,1170,887,5,0
1266,2.6,1,18,0.4,7,2,1187,1595,398,3,0
1396,2.4,0,46,0.1,7,1,1191,1347,2389,15,2
808,2.3,3,45,0.8,1,9,526,1324,3431,13,3
1542,2.3,1,43,0.8,2,11,346,966,3601,16,3
745,0.6,5,35,0.8,8,10,89,1538,2459,16,1
1735,1.9,0,59,0.7,6,0,137,846,3230,9,3
586,0.5,1,57,0.3,2,5,1226,1389,3646,11,3
1341,2.1,0,36,0.4,8,1,473,574,2200,15,1
781,1.3,1,64,0.2,2,7,368,607,3862,9,3
501,0.5,14,22,0.5,6,20,239,1636,3077,17,2
1224,1.8,2,44,0.2,2,9,622,709,621,14,0
1970,1.6,11,58,0.3,8,19,654,882,2372,2,2
618,2.2,0,63,0.9,2,1,853,1781,2574,5,2
1537,2.9,11,46,0.8,4,17,686,1305,2857,2,3
1018,2.2,8,16,0.6,8,10,992,1433,3143,20,3
1545,1.3,15,35,0.1,5,20,115,1352,3197,6,3
1871,2.1,4,41,0.4,8,5,275,1966,2727,11,3
1729,2.1,1,12,0.9,1,6,461,1178,1519,5,1
680,2.1,9,9,0.1,3,11,1428,1500,2438,17,2
1106,1.9,4,54,0.7,3,9,614,1212,2674,9,2
635,0.6,1,50,0.3,5,13,193,989,2107,12,1
618,0.6,8,16,0.2,1,14,1105,1602,2262,4,2
1671,0.5,13,5,0.9,8,18,398,1263,815,10,0
1562,1.2,0,52,0.1,7,9,480,728,2829,3,2
1975,1.9,2,31,0.9,1,17,775,1607,3022,19,3
831,0.7,2,62,0.7,8,9,1482,1490,2573,18,2
1524,1.8,0,10,0.6,4,1,154,550,2678,13,2
1528,1.8,3,55,0.8,5,6,454,1762,1282,11,1
1447,2.5,2,9,0.2,8,16,737,1455,568,8,0
1344,1.5,1,14,0.5,1,3,419,556,2074,5,1
564,3.0,1,8,0.7,2,3,853,1737,2227,14,1
921,0.6,1,60,0.1,2,3,1211,1229,1080,6,0
1413,1.7,2,10,0.2,6,6,314,1606,2867,15,2
831,2.4,10,55,0.5,6,12,172,1239,1075,3,0
802,0.5,3,43,0.6,5,6,527,734,3063,4,2
1923,1.3,3,24,1.0,4,4,874,1264,2479,15,2
1193,3.0,10,56,0.4,3,17,674,864,2394,14,2
904,1.2,10,31,0.8,3,11,657,1014,2814,19,2
1285,2.4,1,51,1.0,7,2,475,500,2094,10,1
1635,2.6,0,2,0.6,4,0,1209,1411,2315,2,2
1923,1.0,5,14,0.9,4,6,15,525,2519,16,2
1851,1.9,3,12,0.9,6,11,293,1967,735,14,0
727,1.5,0,32,1.0,7,1,813,1377,1891,7,1
1396,1.5,0,44,0.1,6,1,173,1843,1386,8,1
877,1.3,9,46,0.8,1,14,457,652,3260,6,2
696,2.4,11,35,0.2,3,13,533,797,2022,4,1
1009,1.0,2,2,0.6,8,14,912,1043,1716,15,1
1526,1.1,2,38,0.3,5,6,798,1418,3317,8,3
987,2.0,1,20,0.8,7,3,412,565,1454,8,0
1414,2.2,0,49,0.5,4,1,130,887,2290,12,1
1732,0.8,2,61,0.3,5,3,201,656,3940,20,3
1587,0.5,0,50,0.9,8,15,299,874,461,4,0
1097,0.8,10,21,0.1,7,15,1277,1352,2219,12,2
504,2.8,0,40,0.5,3,0,626,1195,470,16,0
1159,2.7,13,28,0.2,8,18,378,751,2495,9,2
1910,1.4,0,29,0.6,7,2,333,639,2944,2,2
865,1.2,8,59,0.1,3,9,805,1804,2361,19,2
1930,2.0,11,16,0.8,8,12,1901,1920,1783,13,2
860,1.3,8,40,0.7,3,13,1573,1581,2832,20,2
1268,2.9,9,42,0.9,6,17,360,912,931,20,0
999,1.8,0,27,0.1,4,1,20,745,1344,5,0
622,0.7,0,9,0.3,2,0,98,511,3916,5,2
1250,1.4,8,44,0.2,7,20,703,1011,1882,14,1
763,0.5,9,51,0.3,5,12,273,1278,2865,9,2
1100,1.6,12,15,0.1,8,14,919,1344,757,16,0
815,2.0,4,51,0.3,6,12,982,1291,3469,6,3
618,0.5,2,57,0.2,3,7,879,896,2399,17,1
553,2.2,0,18,0.7,2,1,1287,1892,3300,20,3
673,2.2,2,3,0.4,2,9,1109,1247,2719,9,2
563,2.0,3,47,0.3,7,12,211,684,3012,15,2
1590,1.5,12,14,0.5,4,15,1058,1109,2836,4,3
1031,2.1,2,11,0.1,2,9,532,1247,2385,16,2
909,0.5,9,30,0.4,3,10,290,773,594,4,0
1880,0.5,0,7,0.6,4,1,890,1019,2968,3,3
1479,1.8,0,24,0.1,6,0,327,645,3762,5,3
1271,1.5,0,2,0.9,1,1,1260,1788,892,20,1
709,1.9,11,13,0.1,8,15,570,1422,467,5,0
1744,2.8,0,62,0.7,1,0,621,1558,345,14,0
1314,2.2,0,40,0.8,7,1,328,1858,3033,17,3
1136,0.5,0,9,0.9,6,2,1307,1767,2110,16,2
1039,2.7,11,56,0.3,8,13,497,618,3105,5,2
1300,0.5,5,62,0.1,6,7,219,1037,874,10,0
732,2.3,7,39,0.6,7,11,1163,1554,3681,15,3
511,0.7,1,52,0.7,2,10,24,759,3865,7,2
1092,0.5,10,11,0.5,3,14,468,571,737,11,0
921,2.2,12,10,0.1,7,18,1272,1469,3153,11,3
1030,0.5,4,37,0.7,1,8,503,551,2800,12,2
1130,1.8,0,27,0.9,1,8,1495,1579,315,11,0
1299,2.8,2,60,0.8,8,6,1333,1838,1412,20,1
1009,2.8,7,2,0.6,7,15,267,1841,2286,13,2
1735,1.8,16,34,0.1,2,17,149,876,2392,19,2
1129,2.8,0,49,0.5,2,2,1070,1079,1857,5,1
708,1.9,0,26,0.3,7,1,206,620,1419,16,0
894,0.7,2,58,0.1,2,3,158,747,3305,2,2
530,2.4,1,32,0.3,6,20,48,1012,959,6,0
1481,2.0,0,35,0.5,3,0,249,522,2635,4,2
1068,2.7,0,45,0.6,5,1,935,1499,1754,9,1
1487,0.5,6,57,0.7,3,12,140,768,2563,14,2
1524,2.5,11,41,1.0,4,20,184,740,1936,9,1
1093,1.9,2,22,0.3,8,14,238,807,1869,4,1
1816,1.6,0,50,0.1,5,2,800,1089,3637,16,3
627,1.8,2,20,0.8,3,8,211,507,896,14,0
989,0.7,13,51,0.4,3,15,670,804,2349,20,1
1895,0.5,2,5,0.7,1,11,725,1335,774,6,1
805,1.7,0,58,0.9,3,10,81,1544,3397,2,2
713,1.6,7,2,0.4,8,9,1211,1378,485,4,0
864,2.5,10,24,0.7,4,15,1362,1378,3964,12,3
1177,0.9,1,11,1.0,4,7,945,1923,1887,11,1
582,0.5,8,32,0.7,3,11,1043,1702,2977,20,2
1898,1.8,3,56,0.2,7,4,444,739,2114,19,2
1158,0.7,1,29,0.7,2,20,311,1796,1542,15,1
1451,0.5,5,57,0.6,8,12,812,1456,3038,18,3
1820,1.4,5,51,0.9,7,10,202,1884,2481,11,2
984,0.5,3,9,0.8,3,20,531,707,841,16,0
580,2.1,0,24,0.4,4,5,404,898,3565,8,2
1263,2.0,0,5,0.4,6,3,954,1609,1958,4,2
1237,0.5,2,27,0.1,8,5,274,603,2454,8,2
514,1.6,7,37,0.1,1,9,956,1723,3392,5,3
1515,2.6,0,56,0.9,3,1,1438,1593,262,20,0
721,0.5,6,6,0.4,4,9,1446,1988,530,8,0
603,2.5,3,35,0.7,3,16,692,1057,3703,9,3
1426,2.5,2,55,0.4,1,7,777,1032,2562,3,2
1820,1.7,0,64,0.6,1,3,1157,1951,574,18,1
1215,1.0,4,16,0.1,4,8,454,1473,2632,15,2
697,2.7,5,20,0.4,2,6,478,1477,259,4,0
717,0.5,4,10,0.6,1,5,217,1106,688,15,0
1348,2.0,5,36,0.3,6,6,468,741,2554,12,2
1164,2.6,0,61,0.3,1,6,1107,1656,3859,17,3
578,0.5,9,62,0.3,5,13,626,1134,2977,5,2
1971,0.5,0,40,0.3,7,19,485,922,571,17,0
1794,0.5,5,55,0.5,7,7,43,627,402,14,0
1558,2.5,2,32,0.1,5,3,322,1385,878,17,0
1597,0.9,4,4,0.5,1,19,880,1145,2130,15,2
1240,1.6,0,39,0.1,2,9,1511,1756,3260,17,3
1994,0.8,2,7,0.6,8,4,667,711,454,6,0
1221,2.3,7,35,0.4,7,19,765,1899,2638,14,2
989,1.6,11,24,0.6,8,17,614,679,2819,5,2
1180,1.2,5,50,1.0,4,20,925,1252,1464,20,1
718,2.8,10,59,0.8,6,13,1185,1387,1824,3,1
1670,1.6,0,47,0.8,8,15,1706,1886,876,5,1
534,2.5,1,21,0.3,7,9,347,1477,2706,18,2
1566,0.5,0,20,0.5,2,0,1603,1930,659,13,1
1935,0.5,0,29,0.6,5,9,806,860,455,6,0
504,2.8,2,54,0.4,2,10,1207,1539,2378,2,2
913,1.7,1,41,0.3,1,14,431,1144,2278,18,1
1317,1.8,2,43,0.5,5,3,179,613,3436,5,3
917,0.5,1,31,0.5,6,2,423,909,3424,13,3
712,2.5,1,49,0.6,6,3,1131,1743,401,10,0
1083,1.0,6,52,0.9,2,20,925,1469,681,19,0
1039,0.6,5,6,0.1,6,8,62,544,3212,7,2
1747,0.5,4,13,0.7,6,12,800,873,3105,10,3
1449,0.5,0,52,0.6,6,0,211,947,2036,10,1
1872,0.5,14,49,0.2,7,18,81,1389,3153,5,3
1796,1.6,5,7,0.1,4,6,667,798,1642,3,1
1097,1.4,0,60,0.8,1,17,405,519,509,12,0
1562,0.5,1,20,0.8,8,10,678,1676,3465,6,3
1433,2.3,8,27,0.9,7,12,1619,1651,3900,2,3
740,1.8,1,12,0.2,1,11,935,1147,1105,19,0
676,2.2,1,39,0.2,1,5,864,1011,2064,6,1
503,1.8,1,13,0.7,1,4,1495,1688,3117,9,3
1020,1.5,13,7,0.7,3,18,870,1613,1142,8,1
896,1.0,3,4,0.3,1,4,1379,1469,1060,4,1
1824,0.8,4,19,0.9,2,5,1055,1738,2381,5,2
1512,0.6,1,54,0.4,3,2,220,1838,3366,11,3
1053,2.9,7,42,0.9,6,17,419,1261,1339,14,0
1944,1.8,0,31,0.8,4,10,1111,1362,2560,8,3
1174,0.7,1,25,0.8,2,8,1097,1461,285,3,0
627,1.6,3,12,0.2,7,17,447,819,2476,10,1
1602,2.7,4,46,0.6,1,5,273,1062,1862,2,1
1733,1.5,4,6,0.9,1,15,590,997,3488,10,3
586,1.4,10,8,0.5,8,14,116,598,3178,10,2
1528,2.4,2,37,0.2,8,3,306,564,733,14,0
875,0.7,2,23,0.1,7,7,300,1316,756,6,0
1602,0.6,12,58,0.4,1,13,1259,1746,3622,17,3
1426,1.6,4,12,0.7,5,16,1573,1694,1277,5,1
1370,1.4,5,6,0.2,6,8,1392,1783,3703,11,3
609,0.5,4,10,0.1,6,6,113,1524,1905,18,1
840,1.2,5,15,0.3,6,8,526,1728,2636,6,2
991,2.0,2,12,0.3,5,6,1209,1678,2014,10,2
1724,1.8,0,9,0.8,2,1,655,828,3056,6,3
584,1.8,0,19,0.3,3,0,1123,1622,465,4,0
860,1.3,1,49,0.7,6,13,692,979,3869,20,3
1541,2.8,10,28,0.2,5,15,796,1052,1108,7,1
615,0.5,7,58,0.5,5,8,1021,1958,1906,5,1
912,2.8,6,46,0.4,4,11,995,1310,851,4,0
1278,1.2,10,60,0.6,7,14,1244,1504,3142,19,3
1365,0.6,0,31,0.3,4,0,293,970,1300,13,0
1702,1.0,7,36,0.1,5,9,1240,1931,1430,10,2
589,0.5,1,59,0.7,8,4,759,1858,362,6,0
1347,1.5,10,56,0.3,1,19,398,1528,2456,13,2
1644,2.8,0,44,1.0,8,0,358,791,2360,19,2
956,1.9,1,42,0.1,7,11,403,1614,3700,7,3
1089,1.4,10,2,0.1,7,20,211,1409,2620,13,2
871,0.6,2,52,0.1,3,3,194,1437,437,17,0
664,1.5,5,6,0.9,2,19,1076,1472,3774,18,3
1874,0.6,1,19,0.8,2,9,1238,1418,1218,17,1
1928,2.6,5,5,0.8,5,16,229,1004,696,15,0
888,2.6,2,33,0.4,2,17,327,1683,3407,20,3
1077,1.7,1,58,0.8,7,13,135,1892,3902,3,3
1023,2.3,5,30,0.2,8,7,5,1744,2086,19,1
1426,0.8,2,42,0.6,3,10,715,1163,1356,16,1
831,1.7,7,26,0.7,5,11,511,621,1704,20,0
1496,1.3,0,6,0.5,3,9,549,1383,3571,11,3
1433,2.3,2,5,0.1,5,11,420,784,2132,19,1
1095,2.6,0,44,0.7,4,5,838,1066,3209,8,3
643,0.7,3,23,0.8,1,9,314,1400,2096,2,1
1142,1.1,0,6,0.5,4,0,739,1766,1273,6,1
730,0.5,3,27,0.1,5,10,62,846,3623,15,2
1901,0.5,5,41,0.6,2,17,3,1662,368,12,0
1510,0.6,1,32,0.7,3,8,963,1520,854,10,1
1924,2.6,0,59,0.9,6,0,1438,1923,3646,16,3
1825,1.1,13,17,0.1,4,18,1621,1773,3130,2,3
1275,0.5,3,5,0.2,1,9,19,501,3784,4,3
987,2.3,9,17,0.8,7,17,887,1274,3885,14,3
1538,2.3,6,13,0.2,7,7,567,986,1494,12,1
1965,0.5,4,29,0.5,5,13,584,676,2973,20,3
808,1.9,7,20,0.8,6,14,496,974,1471,11,0
712,0.5,6,27,0.5,2,11,1245,1309,2001,12,1
1507,0.9,0,42,0.4,5,0,682,888,1486,19,1
912,0.7,3,47,0.9,3,6,724,794,1321,6,0
769,1.2,2,17,0.1,8,4,1384,1454,1877,11,1
948,2.3,14,22,0.1,5,20,257,1654,3499,19,3
507,1.9,0,39,0.7,1,0,17,1084,2124,12,1
1384,2.8,15,60,0.1,3,18,983,1210,1221,15,1
1766,1.3,1,29,0.5,8,20,439,1306,2316,6,2
1407,1.8,5,16,0.2,4,6,925,1206,1068,8,1
614,2.9,3,24,0.2,4,7,409,603,1930,4,1
1972,2.9,9,14,0.4,7,18,293,952,1316,8,1
1039,0.5,8,47,0.2,8,9,384,1878,1742,15,1
511,3.0,5,34,0.9,8,13,149,1285,3265,14,2
1811,2.5,4,5,0.6,4,16,447,568,2700,8,2
1159,1.5,3,36,0.4,4,8,717,1206,2115,18,2
1848,1.3,7,12,0.1,2,19,195,533,3915,8,3
1988,0.5,0,16,0.1,8,1,153,696,3144,14,3
1469,0.5,3,58,0.5,7,8,1699,1850,1571,2,2
1423,0.6,12,44,0.8,5,13,501,640,2253,9,1
1974,0.5,9,10,0.8,6,12,530,1496,1433,17,1
835,0.8,2,42,0.8,5,18,396,1378,2583,13,2
1429,0.6,8,42,0.9,5,9,670,1552,1817,16,1
947,0.5,1,51,0.1,2,15,193,887,2915,6,2
1446,2.8,0,18,0.3,8,1,351,1769,3340,16,3
1332,1.3,5,7,0.8,7,19,846,855,2790,10,2
1498,1.2,0,14,0.1,4,1,111,1167,577,12,0
1576,0.9,0,14,0.4,2,4,1213,1386,3220,6,3
1398,1.6,8,26,0.8,1,12,755,1284,3488,11,3
1885,2.4,12,14,0.6,4,15,1406,1517,1277,16,1
798,0.5,7,2,0.8,2,15,497,627,3593,3,2
1436,2.5,0,42,0.9,8,1,1826,1836,2736,19,3
1998,1.2,8,31,0.6,8,19,50,1356,2311,18,2
1321,1.3,0,63,0.4,8,9,817,941,1464,16,1
1021,1.3,7,9,0.7,2,12,901,1793,1355,14,1
1339,2.3,0,40,0.1,2,1,212,1269,2382,7,2
1210,1.6,9,57,0.5,4,20,329,1039,1886,17,1
1949,0.5,2,31,0.1,5,9,837,1182,832,19,1
882,0.7,9,28,0.2,6,16,248,884,751,8,0
1549,1.5,0,27,0.4,5,7,632,1162,436,11,0
1991,2.2,1,42,0.7,1,13,366,613,722,10,0
796,0.5,2,12,0.5,1,8,174,518,1075,2,0
1012,0.5,4,39,0.1,4,6,882,1195,2802,10,2
1318,1.9,0,11,0.8,2,15,688,1591,1780,2,1
1708,0.8,8,14,0.9,4,16,263,1345,1247,16,1
598,0.8,8,62,0.1,8,9,118,764,3066,19,2
541,2.3,4,51,0.4,8,17,1012,1226,403,12,0
818,0.5,2,23,0.2,5,17,586,1552,2518,3,2
1414,0.5,0,15,0.8,2,0,294,1233,1069,14,0
601,1.7,3,6,0.8,4,11,818,1827,2651,9,2
561,2.8,2,40,0.1,7,6,426,865,2974,19,2
1616,2.3,3,52,0.1,5,8,151,1133,657,2,0
1263,1.4,1,32,0.4,2,2,409,644,3372,10,3
1604,1.9,0,63,0.6,5,2,641,1156,1464,20,1
539,2.0,1,24,0.5,4,2,958,967,1326,3,0
1071,2.6,0,49,0.3,4,5,1328,1970,3393,7,3
826,0.5,0,57,0.5,2,0,354,530,323,7,0
771,2.9,2,62,0.7,1,8,1709,1781,1628,6,1
1811,2.9,0,33,0.2,8,2,1099,1553,2610,13,3
1842,2.2,7,56,0.4,4,10,783,1227,3721,4,3
1420,2.8,1,50,0.1,8,8,194,1393,763,17,0
1763,0.5,12,10,0.2,3,19,238,1893,792,13,0
1163,1.9,6,2,0.9,5,20,919,1076,1568,19,1
1805,0.5,0,29,0.2,4,2,758,891,1276,17,1
610,1.6,9,52,0.4,4,19,1039,1273,3472,12,3
1533,1.1,18,17,0.3,4,20,1054,1393,2520,11,2
1924,0.5,3,63,0.3,2,10,122,686,3423,19,3
1801,0.5,6,52,0.9,6,10,100,1708,258,9,0
1726,1.9,1,42,0.6,5,3,1221,1804,1868,6,2
794,2.5,15,14,0.6,3,19,312,1376,2171,18,1
1686,0.5,4,28,0.8,5,8,599,1073,780,5,0
1444,2.1,0,6,0.9,1,1,1274,1340,712,10,0
1004,1.6,0,30,1.0,8,1,62,581,1012,13,0
1242,2.4,8,28,0.2,4,9,315,1796,318,19,0
539,1.5,6,26,0.2,6,8,1123,1709,3948,15,3
717,1.1,2,14,0.1,8,6,1878,1981,629,20,0
1540,0.7,0,29,0.1,7,1,318,831,1161,5,0
672,0.5,7,35,0.1,8,17,574,1267,1403,6,0
1325,0.5,0,13,1.0,4,8,1353,1915,3707,18,3
950,0.5,6,55,0.1,8,7,86,1681,1305,4,0
948,1.5,6,18,0.3,4,7,340,1728,2926,9,2
1328,0.5,5,27,0.3,3,18,602,1156,2674,5,2
1447,0.5,3,40,0.7,2,5,963,1062,471,20,0
1973,0.5,3,21,0.8,8,7,127,507,1724,8,1
1731,2.3,18,60,0.5,4,20,142,1039,1220,20,1
1617,1.5,1,63,0.7,2,10,274,1079,2754,8,2
1791,0.5,1,33,0.5,5,4,371,682,594,16,0
851,2.3,7,54,1.0,2,9,788,1007,1005,14,0
856,1.9,0,14,0.6,1,7,395,1027,2439,12,1
714,0.5,1,30,0.3,4,2,643,1527,2302,10,1
951,0.5,6,15,0.6,2,17,854,935,1083,16,0
1303,2.1,6,10,0.4,8,15,1335,1873,2219,15,2
1550,2.7,2,32,0.1,7,5,1541,1619,1571,14,2
1759,1.4,10,15,0.4,4,13,382,1163,2107,16,2
1448,0.5,18,2,0.2,5,19,846,1144,593,18,0
1987,1.9,0,50,0.7,8,18,960,1925,857,6,1
908,2.1,1,44,0.6,5,2,154,941,3518,7,3
820,0.5,2,58,0.3,4,4,468,694,1284,17,0
904,2.7,4,19,0.6,6,7,1094,1496,545,16,0
667,1.3,4,6,0.1,6,10,272,870,3566,12,2
1109,2.1,1,34,0.1,1,4,165,1103,2821,17,2
1333,1.4,3,59,0.7,7,5,394,1301,3442,5,3
1352,2.4,5,6,0.9,6,9,629,1299,1309,14,1
1600,2.5,1,19,0.6,6,9,831,1713,1179,18,1
1454,1.4,8,37,0.8,8,20,903,910,1713,19,1
1489,2.1,0,9,0.4,3,1,923,1759,1663,14,1
1823,2.8,11,10,0.6,8,19,362,1250,1812,19,2
1581,1.0,9,41,0.4,4,19,693,850,1384,2,1
1672,1.7,1,44,0.5,8,4,1250,1435,1348,7,1
1283,0.7,0,27,0.2,4,6,1135,1923,3957,6,3
630,2.0,9,14,0.5,8,13,66,1448,1212,12,0
659,2.2,0,24,0.7,8,2,924,1877,3925,10,3
1811,0.5,0,32,1.0,6,0,204,1132,348,18,0
688,2.5,9,40,0.2,5,20,376,1957,1382,8,1
514,2.9,5,18,0.7,2,8,1083,1492,980,16,0
1933,2.8,1,16,0.5,3,9,229,1473,838,18,0
915,2.0,8,31,0.3,3,20,875,1316,378,9,0
1006,2.2,4,22,0.8,4,8,35,991,909,7,0
1134,0.9,2,13,0.4,4,19,18,903,3632,19,3
599,2.9,0,64,0.3,8,1,103,646,3396,7,2
973,0.5,5,53,0.5,5,7,105,588,1861,16,1
1180,2.5,0,27,0.1,6,1,168,540,348,19,0
1237,2.5,7,13,0.8,4,12,18,1004,2528,16,2
659,0.5,7,5,0.3,8,10,659,730,2190,16,1
1142,1.4,6,6,0.7,8,8,534,855,663,5,0
1002,2.7,16,11,0.4,6,18,285,512,961,19,0
1392,2.5,0,44,0.7,4,2,482,1098,1280,16,1
602,0.9,9,50,0.9,8,18,1571,1717,2189,16,2
1249,0.5,3,55,0.8,3,8,605,1193,531,13,0
531,0.5,0,12,0.5,4,3,158,1657,2331,20,1
1450,2.1,1,31,0.6,5,4,1573,1639,794,9,1
1342,2.8,1,50,0.1,1,8,127,620,2644,11,2
832,0.5,5,22,0.6,1,8,343,1431,1666,20,1
867,1.5,0,57,0.1,4,0,289,724,2157,18,1
1404,2.1,16,44,0.9,1,20,1703,1880,1196,5,1
840,0.9,6,33,0.7,6,7,1482,1591,2072,19,2
1368,0.5,10,42,0.2,1,20,907,925,1590,14,1
1927,0.9,3,11,0.4,8,12,491,1506,2916,18,3
1714,0.5,7,31,0.4,2,10,287,627,3707,19,3
1201,0.5,1,10,0.4,6,5,1151,1723,726,3,0
1796,2.3,4,44,0.9,2,11,1024,1363,3577,4,3
1147,0.8,11,28,0.7,6,13,1085,1134,2627,15,2
776,1.7,0,20,1.0,4,9,991,1803,685,7,0
510,2.6,0,33,0.1,6,10,1052,1897,1693,5,1
1045,1.2,3,40,0.1,6,7,1078,1564,2137,12,2
1497,0.9,4,10,0.1,8,20,98,977,3696,3,3
1425,0.6,0,33,0.5,3,2,396,1648,3771,9,3
726,2.2,0,40,0.8,4,20,323,978,1342,4,0
1576,2.0,0,20,0.6,3,0,410,1551,1379,16,1
714,2.1,5,11,0.1,3,6,1750,1857,1164,19,1
1595,1.9,1,63,0.9,1,20,1475,1988,908,6,1
541,1.0,0,10,0.4,4,0,1836,1873,1019,15,1
1617,2.6,14,29,0.9,6,20,283,676,3685,18,3
1154,1.1,2,5,0.2,1,13,539,1240,1470,12,1
1638,1.0,6,2,0.2,1,11,440,563,2299,9,2
1150,2.7,0,39,0.4,8,1,397,800,999,11,0
1254,2.3,0,44,0.2,1,10,204,1021,3011,12,2
1806,2.0,2,54,0.1,1,11,347,727,3142,6,3
603,1.5,8,12,0.7,6,20,1003,1284,1543,19,1
1834,2.1,7,40,0.1,4,11,0,1987,3692,16,3
520,2.3,0,31,0.8,6,14,264,519,2753,17,1
565,0.6,1,50,0.1,2,8,543,703,2156,6,1
1689,0.5,11,9,0.5,5,15,467,675,2637,3,2
742,2.3,0,21,0.7,8,1,875,925,331,7,0
1143,1.2,1,22,1.0,3,6,1116,1724,1214,16,1
761,0.5,9,3,0.8,7,15,1325,1945,2248,15,2
959,1.3,0,36,0.4,5,14,1313,1331,3073,8,3
772,1.2,7,8,0.6,7,8,552,1802,422,15,0
1015,0.8,5,12,0.5,3,14,335,679,2293,2,1
1824,1.9,9,2,0.7,1,14,50,1105,3958,19,3
1130,0.5,1,29,0.7,1,14,593,1327,432,10,0
1183,0.5,3,48,0.1,8,12,268,1010,1152,3,0
574,2.0,0,26,0.5,6,2,382,1364,1303,2,0
1472,3.0,4,20,0.3,2,6,443,892,797,11,0
1868,0.5,2,40,0.9,8,17,576,884,298,17,0
1375,2.9,2,20,0.4,6,7,596,679,3847,12,3
881,1.0,1,64,0.5,3,6,115,636,2110,6,1
1742,0.5,5,43,0.9,3,7,356,1407,1921,3,2
1225,0.7,6,60,0.1,2,15,10,1567,2423,6,2
1970,0.5,0,15,1.0,2,0,1399,1684,1658,20,2
1186,0.5,2,21,0.4,8,4,68,584,2361,7,1
1762,0.7,7,60,0.1,4,10,643,790,1380,14,1
1731,1.4,4,4,0.5,6,18,809,1988,3892,4,3
852,1.8,5,8,0.8,5,9,683,1349,315,20,0
848,1.5,4,36,0.3,4,16,56,527,2289,19,1
1575,2.5,0,11,0.2,7,20,492,818,2182,17,2
1554,2.8,7,23,0.1,6,18,699,1492,2184,20,2
1972,1.6,0,48,0.5,8,2,290,804,2872,11,3
827,0.6,9,35,0.2,6,17,23,826,2367,15,1
1063,1.5,7,3,0.9,4,10,394,849,1919,20,1
1695,2.3,1,34,0.4,5,10,713,1742,3296,14,3
1343,2.4,5,14,0.9,8,10,1063,1205,462,11,0
834,0.5,2,27,0.2,1,16,1421,1463,1591,20,1
595,2.6,0,20,0.4,2,18,623,816,1593,2,0
1081,1.9,13,42,0.1,7,17,83,816,2456,7,1
911,1.4,3,14,0.7,4,4,1563,1692,2933,11,3
844,2.2,1,22,0.9,7,2,777,1995,3154,7,3
1335,3.0,3,60,0.8,2,4,83,559,3615,9,3
1883,1.6,9,24,0.1,1,16,203,915,3563,3,3
1128,0.5,6,33,0.6,8,7,938,1226,1440,19,1
826,2.4,14,57,0.6,2,17,1077,1183,1907,5,1
1650,2.3,0,38,0.7,1,1,773,881,324,2,0
1162,1.0,0,50,0.5,4,10,332,866,1404,15,1
1517,2.5,2,8,0.8,4,18,570,1645,2738,12,2
963,0.5,1,60,0.8,3,3,742,821,2722,16,2
1837,1.0,5,12,0.9,8,6,1420,1539,2294,20,3
1028,2.8,1,30,0.1,1,10,1801,1923,1424,13,1
1831,2.2,4,55,1.0,8,9,1693,1790,1133,10,1
571,2.0,5,58,0.6,6,11,31,1536,555,11,0
1770,2.3,0,9,0.6,6,5,1098,1373,3785,14,3
970,1.3,5,59,0.2,7,19,1765,1786,3675,12,3
642,0.5,0,38,0.8,5,10,887,1775,435,2,0
622,1.9,12,11,0.8,8,14,760,1964,3183,4,2
600,1.8,9,6,0.8,2,15,486,1032,3495,7,2
1412,0.6,9,57,0.2,3,10,2,660,1853,18,1
733,0.8,7,16,0.4,4,12,202,1787,2648,19,2
1070,3.0,9,19,0.8,7,16,90,1614,2647,20,2
875,0.7,1,30,0.7,8,8,469,853,702,15,0
1994,0.7,5,5,0.4,2,7,86,1546,1836,18,2
823,1.0,9,18,0.2,5,16,1180,1350,3894,9,3
1908,0.5,9,30,1.0,2,19,140,1046,2944,17,3
790,0.5,7,44,0.1,8,8,1100,1437,3424,9,3
1330,1.8,1,40,0.5,1,5,194,892,2678,14,2
1660,0.5,2,15,0.7,8,8,440,569,2424,9,2
1776,2.2,2,20,0.9,6,16,1563,1803,2671,12,3
1611,0.5,4,27,0.9,1,10,163,1011,3078,6,2
1410,0.5,0,15,0.3,3,1,192,1311,2304,18,2
1772,1.6,17,45,0.5,2,18,837,1405,1146,17,1
1280,1.3,0,39,1.0,7,1,356,588,2335,2,1
1712,0.9,2,23,1.0,7,19,155,663,1422,15,1
1562,0.7,0,55,0.1,8,1,1032,1776,2096,3,2
891,1.9,1,18,0.1,6,3,40,1435,1303,4,0
1957,1.2,18,36,0.8,2,19,1194,1727,1115,18,1
1110,0.6,1,42,0.9,5,2,1179,1262,456,18,0
875,1.4,1,43,0.6,8,3,902,969,3396,18,3
1211,1.2,0,28,0.3,2,3,58,963,2750,14,2
769,0.5,12,54,0.2,4,19,1385,1780,941,20,0
671,2.9,7,2,0.1,6,19,614,1617,2278,2,2
1872,0.5,5,26,0.5,4,10,672,1088,2273,8,2
1076,2.3,0,14,0.7,5,0,1088,1718,2355,2,2
1325,1.9,2,50,0.1,1,10,499,695,2328,2,2
911,2.2,1,28,0.5,2,2,157,763,2638,13,1
1273,0.7,1,23,0.6,6,14,485,1399,558,13,0
1062,0.5,3,39,0.9,4,4,571,817,1345,11,0
1317,1.5,6,12,0.1,2,9,431,542,425,11,0
940,2.9,0,16,0.7,4,1,499,1090,2192,9,1
729,2.0,0,14,0.6,6,2,563,1055,3397,17,2
1494,2.4,6,3,0.9,7,17,944,1003,1208,17,1
1546,1.6,2,27,0.7,2,6,1138,1491,267,16,0
1253,0.7,0,34,0.9,4,10,161,647,3518,8,3
895,0.5,6,16,0.3,8,14,126,1575,3122,4,2
793,1.9,0,43,0.3,8,2,15,1196,1050,3,0
1628,1.8,11,56,0.1,2,13,500,1713,3358,12,3
625,2.7,2,42,0.8,8,3,203,1771,2929,17,2
1110,1.5,2,12,0.3,8,5,961,1950,624,15,0
999,1.7,6,49,0.6,1,17,608,1970,1598,8,1
1856,0.5,0,24,0.1,5,1,277,1155,2052,10,2
1715,2.6,9,15,0.6,6,20,114,1849,1249,4,1
1897,1.9,2,54,0.3,2,7,630,738,412,2,0
1202,2.4,0,19,0.1,2,1,404,1742,595,3,0
1171,1.7,2,19,0.3,7,19,248,755,263,8,0
964,2.0,0,22,0.7,8,0,225,1234,2577,5,2
1973,2.4,6,46,0.1,4,10,699,851,639,3,0
1992,0.6,11,2,0.1,1,14,649,895,3206,10,3
546,2.6,5,26,1.0,5,15,416,1658,1550,3,1
1093,0.5,1,31,0.6,2,12,1310,1420,1646,6,1
1880,2.0,11,35,0.1,4,14,930,1983,1930,15,2
1765,1.1,3,11,0.7,2,7,835,1175,3695,18,3
1640,0.5,1,36,0.9,8,11,664,1806,3235,10,3
1830,0.5,0,7,0.9,6,12,460,1583,2334,14,2
826,0.6,3,62,0.7,4,19,778,1615,1998,17,1
1864,2.2,0,7,0.1,1,2,225,1545,2258,10,2
586,0.6,16,42,0.3,7,17,785,1118,1869,7,1
1206,3.0,10,30,0.6,3,13,1581,1713,1825,4,2
832,0.5,1,5,0.1,5,2,9,1944,3946,14,3
848,2.8,1,8,0.1,7,3,7,1294,436,15,0
1851,2.9,0,53,0.7,6,2,174,1175,2678,8,2
1166,0.5,7,59,0.5,1,11,437,638,3887,7,3
1776,2.1,10,35,0.1,4,16,278,623,1813,20,1
1254,1.2,2,27,0.2,2,10,1288,1372,817,16,0
1494,1.6,4,24,0.2,1,17,979,1190,3614,9,3
984,2.2,0,39,0.5,8,18,56,1931,2013,16,1
1179,0.8,1,5,0.9,5,17,913,1429,543,18,0
513,1.9,8,27,0.4,8,13,282,710,3400,13,2
557,0.5,3,17,0.2,6,4,322,710,2623,16,1
744,1.7,0,33,0.5,4,2,1252,1963,2700,19,2
1129,0.8,9,21,0.6,2,10,1128,1702,1400,13,1
1148,2.3,0,58,0.3,5,20,606,688,3127,11,2
1793,2.7,12,44,0.7,5,17,655,1459,2803,6,3
1310,2.3,3,15,0.2,5,11,954,970,2518,5,2
1604,1.2,1,6,0.5,6,15,68,1042,3564,2,3
1676,1.6,2,37,0.2,1,3,134,1197,2515,4,2
1001,2.8,1,40,0.2,3,7,922,1836,3654,10,3
1086,2.7,0,24,0.1,8,19,1874,1976,3930,18,3
1986,0.5,7,39,0.1,7,19,251,599,3476,17,3
634,0.8,5,41,0.2,1,12,1362,1853,3242,4,3
502,0.8,7,52,1.0,6,8,281,1159,2666,20,2
1641,1.1,6,48,0.7,8,7,224,1994,1695,17,2
623,1.4,0,15,0.2,3,1,778,844,3510,18,2
962,1.1,3,17,0.1,8,20,546,1424,3438,20,3
1057,2.7,3,41,0.1,4,10,397,891,2033,2,1
1862,1.5,1,62,1.0,1,2,386,1046,1017,9,1
555,3.0,5,38,0.8,2,10,214,1970,1686,8,1
1000,2.7,1,58,1.0,5,12,461,833,862,20,0
841,0.5,6,11,0.3,5,14,125,675,957,11,0
865,2.9,5,16,0.1,4,12,335,1009,3494,14,3
999,2.6,11,56,1.0,4,13,342,1641,3083,11,2
1232,1.2,12,30,0.9,6,14,625,761,1656,15,1
1194,2.3,6,34,0.2,2,12,494,509,313,19,0
612,0.5,1,20,0.8,8,6,1145,1487,3282,18,3
1362,2.9,0,47,0.5,6,4,600,1042,3629,5,3
1469,1.7,11,44,0.5,2,14,484,711,1687,5,1
986,0.8,13,28,0.8,4,20,199,679,1149,18,0
1843,2.8,1,62,0.8,3,7,21,832,3899,6,3
1561,0.5,10,4,0.5,2,13,885,1811,1783,10,2
1695,0.5,2,47,0.5,5,13,308,1208,1629,11,1
667,2.6,3,8,0.8,1,7,1015,1947,2528,8,2
1768,2.0,0,2,0.8,7,2,1303,1814,3256,5,3
1269,2.8,16,41,1.0,8,17,406,1036,2341,16,2
1109,2.8,6,57,0.9,1,12,124,833,2785,16,2
936,0.5,14,14,0.1,3,17,150,1677,3761,12,3
1713,2.0,9,5,0.7,6,16,108,1963,1513,2,1
1175,1.7,1,45,0.6,2,7,90,557,2240,5,1
1940,1.0,0,5,0.2,4,1,588,1809,820,3,1
855,0.5,2,59,0.5,2,3,1028,1196,1875,8,1
771,0.5,0,33,0.1,3,17,776,1247,920,10,0
645,2.5,10,63,1.0,4,14,278,584,3615,13,2
1307,1.8,2,7,0.6,7,3,897,1103,1412,5,1
1948,2.9,4,5,0.2,1,13,651,700,361,10,0
1509,0.6,5,50,0.3,4,8,1010,1684,1540,3,1
626,2.8,3,11,0.8,2,9,737,1759,1077,4,0
1190,2.0,0,40,0.2,5,1,1399,1646,3610,9,3
1727,2.1,10,57,0.3,6,18,376,1288,512,6,0
1670,3.0,14,62,0.5,8,20,1117,1330,3024,20,3
1150,0.5,4,27,1.0,1,17,234,1947,1610,16,1
1208,2.9,5,16,1.0,1,19,691,1028,2201,12,1
1812,1.3,4,42,1.0,7,15,380,1550,3338,11,3
770,1.5,6,61,0.2,4,9,603,1483,3473,4,3
1559,1.3,10,10,0.3,8,17,117,681,2203,15,1
1902,0.5,10,13,0.2,4,11,766,877,940,15,1
1751,2.5,1,4,0.6,8,9,1499,1952,1155,12,1
1416,1.8,0,20,0.1,4,0,1175,1578,3872,7,3
1288,0.5,3,61,0.2,6,6,988,1503,1882,10,2
1003,2.9,16,16,0.6,8,19,190,1905,1798,10,1
1715,0.5,1,18,0.1,6,3,674,1375,2598,3,3
1967,0.5,0,46,0.6,1,7,518,1374,1567,7,1
962,1.0,14,2,0.9,1,20,1618,1916,1491,14,1
1487,1.5,5,42,0.8,2,7,857,989,2003,3,2
1569,1.6,4,54,0.9,4,6,371,665,3905,4,3
1146,3.0,5,57,0.4,5,10,73,583,291,11,0
1379,1.5,6,9,0.8,8,13,98,755,1693,18,1
1504,1.9,7,25,0.3,4,9,395,1853,1788,13,1
1945,1.2,3,26,0.7,6,5,1064,1540,3322,20,3
1630,2.8,0,32,0.9,6,1,712,1726,1751,20,2
1125,2.7,10,23,0.4,1,14,774,939,1641,12,1
614,0.7,4,51,0.1,7,7,1012,1040,2854,12,2
854,1.0,5,17,0.9,4,9,730,1148,3115,2,2
1470,1.7,6,45,0.1,1,9,777,1090,3259,14,3
1826,0.5,5,49,0.6,8,6,973,1633,1612,17,2
807,0.5,0,37,0.2,4,0,245,829,2319,4,1
1996,2.8,0,7,0.1,5,4,937,1083,1258,16,1
1083,2.0,3,41,0.7,5,5,937,1164,1543,10,1
1035,0.5,14,49,0.3,2,15,574,1171,3991,19,3
1521,1.6,5,62,0.3,1,9,678,1630,3555,19,3
1314,2.8,13,5,1.0,4,18,82,512,3411,18,3
535,1.9,5,24,0.2,8,19,398,1775,524,4,0
673,1.9,13,35,0.4,6,14,1096,1570,3541,4,3
1219,1.6,5,4,0.3,6,7,1419,1698,1998,4,2
1606,0.5,0,33,0.9,5,0,157,770,3437,2,3
1603,0.5,1,17,0.5,2,8,430,1207,1637,11,1
1958,0.5,6,52,0.4,1,14,1524,1848,3064,3,3
695,0.5,18,12,0.6,2,19,1649,1829,2855,7,2
1441,0.6,0,53,0.5,1,12,254,954,1393,4,1
1470,2.2,4,33,0.4,7,10,1790,1988,1633,4,2
1890,1.1,4,48,0.5,4,5,1438,1832,2392,15,3
1152,2.1,0,26,0.3,2,0,1304,1673,3284,8,3
1619,0.9,3,20,0.9,6,9,813,1180,464,16,0
1002,1.8,1,45,0.7,7,7,948,1007,1234,18,0
742,0.5,0,36,0.7,3,1,1161,1288,292,6,0
1306,2.1,2,33,0.4,3,9,867,1258,2521,16,2
1424,2.9,0,20,0.6,5,0,181,1199,2658,19,2
942,1.4,8,27,0.5,4,9,754,1532,587,13,0
1934,2.7,8,2,0.1,4,16,242,1127,2190,9,2
1290,1.4,19,35,0.3,4,20,405,742,879,8,0
930,2.1,0,54,0.9,1,13,1569,1763,1743,9,2
1699,0.5,16,21,0.1,4,20,105,1099,1181,18,1
1849,0.5,1,29,0.5,7,12,978,1986,3330,15,3
1922,0.5,15,42,0.6,8,16,725,1882,3564,17,3
548,1.0,0,56,0.4,4,14,657,1657,562,8,0
916,0.5,0,47,0.2,4,1,1147,1393,1659,11,1
1783,0.5,8,14,0.6,8,11,910,1566,1816,7,2
1083,1.4,2,49,0.8,5,9,295,503,1338,5,0
1698,2.8,10,7,0.8,8,12,26,508,2992,17,2
1969,0.8,5,7,0.2,8,20,332,764,315,7,0
869,1.9,0,2,0.6,7,3,519,533,3249,12,2
1337,2.7,0,5,0.7,4,1,161,1029,3242,20,2
637,0.8,2,28,0.6,4,6,1080,1289,2725,7,2
833,0.6,0,27,0.3,4,2,649,1290,586,19,0
1248,2.4,6,9,0.4,3,8,71,1686,2454,13,2
1174,0.9,7,30,1.0,4,20,744,1244,804,16,0
1831,2.3,3,44,0.2,7,14,437,1113,2460,18,2
1002,2.6,7,27,0.1,1,10,115,1111,1295,17,0
1010,2.0,2,8,0.9,5,3,547,957,2625,12,2
1117,0.5,2,21,0.1,2,19,495,1035,1999,2,1
990,2.7,3,15,0.9,2,7,1466,1717,2698,6,2
1564,1.4,5,26,0.1,6,16,117,1115,3742,13,3
1065,2.8,0,21,0.1,5,3,760,1722,1193,20,1
1982,1.1,12,24,0.1,7,16,764,1873,3511,15,3
1607,1.1,6,20,1.0,2,8,776,1005,885,14,0
1066,3.0,6,5,0.5,5,7,53,1504,1044,11,0
681,0.5,12,17,0.9,5,19,371,1702,2548,5,2
1163,2.1,0,19,0.9,2,1,728,818,2940,15,2
1285,0.8,4,11,0.8,5,7,1791,1896,3966,2,3
753,0.5,11,48,0.1,8,20,606,1316,3484,16,3
1779,2.6,2,5,0.8,1,3,1225,1717,1246,20,1
987,1.9,4,52,0.5,3,8,419,736,2757,15,2
511,0.9,15,24,0.6,3,18,367,1264,2378,4,1
1044,1.8,4,12,0.7,6,5,1230,1263,1794,19,1
1855,0.5,5,32,0.6,8,18,267,1161,3933,7,3
946,1.4,9,26,0.1,6,10,273,891,1637,6,0
657,1.9,2,21,0.1,8,8,705,1905,783,11,0
1673,1.6,2,42,0.5,5,6,214,679,3094,20,2
731,0.5,0,28,0.5,8,0,424,1032,1774,10,1
926,0.8,6,59,0.8,7,14,84,793,256,2,0
1261,0.5,3,52,0.3,2,9,605,1429,1365,16,1
618,1.1,11,45,0.2,3,20,1175,1586,2339,10,2
936,2.3,5,57,0.2,2,6,657,938,2049,5,1
1485,0.9,0,28,0.8,5,1,371,1023,3241,11,3
1339,0.5,10,21,0.5,4,11,833,1441,867,3,0
508,1.3,1,50,0.7,5,9,102,1195,2175,14,1
1938,0.5,5,44,0.5,2,9,1299,1935,3497,18,3
995,1.3,1,10,0.1,4,3,258,1889,609,5,0
1086,1.7,0,43,0.2,6,1,56,1150,3285,17,2
1322,2.3,1,35,0.1,1,3,443,708,3684,6,3
1864,1.9,2,57,0.1,6,6,1279,1793,3586,8,3
1944,0.5,1,26,0.5,4,9,313,712,2322,7,2
581,0.6,5,56,0.2,2,10,523,565,354,13,0
1020,0.7,3,27,0.7,4,4,919,1482,3204,9,3
1936,1.3,2,44,0.1,3,3,570,1021,1400,3,1
1329,1.7,5,23,0.6,8,6,380,682,2308,9,1
808,0.5,3,46,0.5,8,15,119,529,1082,10,0
994,1.2,4,40,0.9,2,17,296,839,3104,11,2
1811,2.0,3,22,0.2,2,8,358,614,2847,4,2
765,2.5,3,44,0.3,8,11,1364,1851,2256,19,2
993,2.3,0,16,0.4,7,13,424,1639,1113,6,0
1136,1.6,15,32,0.5,6,19,961,1030,3210,8,3
719,0.5,0,23,0.4,6,9,431,1727,3990,12,3
733,0.6,0,63,0.3,7,10,950,1739,984,9,0
1946,2.7,8,8,0.3,8,19,647,1849,3117,2,3
1230,1.6,0,48,0.7,7,2,1960,1963,1622,16,2
1577,1.0,0,64,0.1,3,7,116,1432,2967,7,3
1514,1.4,3,12,0.6,3,4,306,538,1037,15,0
579,2.5,3,7,1.0,8,10,808,1517,2908,11,2
574,3.0,1,30,0.9,2,3,94,1334,1167,19,0
1072,2.2,6,19,0.4,8,16,380,877,2715,16,2
843,1.3,1,16,0.9,7,4,593,732,1734,14,1
1492,1.5,5,11,0.9,3,7,1684,1746,2259,19,3
1807,2.9,0,16,0.2,3,0,1221,1415,2921,17,3
909,0.7,7,47,0.1,3,9,410,1643,1244,16,0
1876,1.3,9,64,1.0,3,19,600,1211,3132,2,3
1436,2.4,3,23,0.3,5,4,189,1411,2488,8,2
1251,0.5,10,29,0.7,6,16,308,591,1052,11,0
636,0.5,8,28,0.9,2,15,148,742,2927,3,2
1354,0.7,3,26,0.5,4,6,297,918,2090,13,1
930,0.5,3,34,0.5,4,16,1050,1726,2131,6,2
1830,1.0,7,47,0.3,1,11,1191,1882,3362,11,3
1424,0.5,16,23,0.6,4,18,1399,1663,1053,16,1
583,0.9,1,51,0.9,8,2,1658,1794,1799,7,1
648,0.5,9,54,0.4,5,20,1153,1817,3124,13,3
1203,0.5,0,11,0.9,2,12,35,510,1672,19,0
1777,2.2,0,15,0.2,4,7,553,874,1552,10,1
1299,2.8,0,64,0.5,6,6,46,908,1938,5,1
1494,1.9,2,47,0.4,2,9,207,1177,3202,14,3
527,0.7,4,53,0.9,1,11,67,1924,1302,13,0
793,2.8,1,64,0.4,4,2,818,1006,2296,5,1
873,0.5,6,8,0.6,7,9,1257,1411,575,7,0
722,1.1,12,12,1.0,6,20,138,1371,2359,3,1
1250,1.5,14,20,0.4,5,18,11,1020,3314,6,2
1358,1.7,0,60,0.6,3,1,889,1635,440,13,0
1035,1.9,8,11,1.0,6,10,831,1709,2002,5,1
1289,0.8,3,16,0.9,6,17,713,1854,3167,20,3
1445,2.2,2,37,0.4,2,6,527,1393,3480,17,3
1702,2.3,12,47,0.6,2,19,1284,1643,595,19,1
534,0.5,4,2,0.2,5,16,911,1220,2466,18,2
628,1.8,5,60,0.2,6,6,1047,1534,1337,14,1
713,1.4,4,53,0.8,1,17,123,1477,1462,13,0
1207,0.5,0,58,0.3,8,0,406,681,503,5,0
683,2.1,7,30,0.1,7,8,927,1135,2066,15,1
594,2.6,1,27,0.1,5,2,407,528,708,17,0
537,2.0,1,55,0.3,7,2,1041,1430,2029,12,1
1565,0.5,0,38,0.1,5,1,781,1364,308,7,0
1052,0.9,1,6,0.8,4,16,1191,1839,552,11,0
713,1.6,4,63,0.7,2,8,103,1760,2082,12,1
1766,0.5,1,16,0.6,5,7,125,1227,3314,17,3
584,1.7,1,19,0.4,4,4,919,1343,3996,17,3
1541,1.5,6,5,0.5,4,10,536,1656,1795,4,1
837,2.4,1,51,0.2,5,15,638,1831,594,20,0
935,0.5,3,58,0.1,5,12,639,1087,2473,9,2
665,0.7,0,31,0.1,5,2,496,1804,690,15,0
680,2.4,13,34,0.4,2,17,686,1418,3845,4,3
877,1.5,0,17,0.1,7,0,1064,1985,2004,9,1
1493,1.5,13,53,0.5,5,16,240,1414,2083,20,2
1762,0.6,3,26,0.1,6,14,525,704,2661,4,2
842,1.8,4,57,1.0,3,10,348,730,1903,14,1
925,2.1,9,56,0.2,1,14,1262,1520,2466,5,2
1692,2.1,4,2,0.9,1,17,1899,1904,3779,7,3
1576,2.2,8,5,0.7,3,17,258,789,3904,7,3
1065,1.7,4,48,0.3,6,8,1188,1948,265,12,0
958,1.6,9,60,0.4,1,12,730,751,1417,19,0
623,0.8,6,26,0.3,7,12,484,1238,1769,16,1
897,1.4,1,17,0.4,1,2,547,1852,2948,5,2
1110,1.5,4,41,0.1,3,16,800,1455,2572,16,2
616,2.2,3,21,0.8,7,4,347,513,3267,19,2
1680,1.2,6,37,0.7,4,7,679,1231,1459,2,1
1715,1.3,0,12,0.3,8,6,1224,1676,1633,5,2
983,0.6,0,45,0.1,4,11,948,1205,2052,6,1
720,0.9,12,14,0.8,4,14,366,1234,1086,3,0
1660,0.6,2,24,0.8,2,3,223,1777,2402,14,2
1564,1.5,1,42,0.7,2,2,1619,1962,3376,7,3
592,0.8,1,52,0.9,7,10,332,970,1507,4,0
969,1.8,2,44,0.6,3,7,167,909,641,8,0
1356,0.5,0,35,0.8,1,19,782,951,3451,17,3
504,1.0,8,14,0.5,7,9,881,1129,1607,10,0
1546,0.5,3,6,0.2,1,4,91,1317,3521,9,3
689,2.9,3,7,0.8,2,6,487,722,1241,16,0
1685,0.6,14,16,0.6,7,15,120,1429,881,17,0
1792,1.0,3,62,0.3,7,8,1626,1913,2563,15,3
1786,1.2,11,61,0.1,3,14,74,865,3033,17,3
1944,0.6,9,59,0.2,7,10,634,1079,769,3,0
1077,2.5,13,49,0.6,4,14,334,1079,3454,2,3
648,1.8,1,60,0.1,4,4,931,1811,819,4,0
1702,0.5,8,2,0.6,6,19,921,1351,435,3,0
1571,2.9,1,30,0.9,7,3,805,956,586,4,0
856,1.1,14,19,0.7,6,19,1057,1931,650,10,0
1786,2.6,6,14,1.0,4,15,616,912,3038,14,3
914,0.7,1,60,0.9,5,4,740,840,3736,5,3
1615,2.8,3,9,0.9,1,13,542,678,2948,3,2
649,1.4,4,19,0.8,7,12,344,1551,739,2,0
1646,2.5,3,25,0.6,2,5,211,1608,686,11,0
1189,1.9,5,7,0.5,2,20,79,615,841,11,0
1043,2.7,3,29,0.2,8,17,887,893,1183,8,0
1920,0.6,3,19,0.5,3,8,670,1152,3943,4,3
1220,2.8,1,54,0.7,7,20,383,1249,1037,15,0
1748,0.5,11,53,0.5,4,20,718,1109,2633,9,2
907,2.6,7,44,0.2,3,12,144,896,3911,8,3
1193,2.3,7,20,1.0,7,13,1442,1904,1958,2,2
1766,0.5,1,22,0.8,8,4,291,1318,3297,16,3
1278,1.0,7,24,0.8,3,16,1352,1775,3141,11,3
1234,1.7,8,17,0.9,6,15,209,725,3351,19,2
1961,1.5,10,55,0.5,7,20,861,1888,2355,6,3
1745,2.9,0,3,0.9,3,0,426,1629,1308,2,1
1442,0.6,1,27,0.4,5,8,266,642,991,7,0
1083,2.9,1,39,1.0,8,2,523,542,3248,6,2
868,0.9,5,5,0.4,4,7,40,1311,1519,2,0
864,1.6,0,53,0.3,6,1,262,1436,493,10,0
1142,1.2,0,2,0.6,6,0,623,769,1747,14,1
608,0.5,0,64,0.9,4,0,4,1351,2517,7,1
983,1.8,0,53,0.9,1,4,1001,1176,1389,8,1
1720,1.6,18,2,0.8,5,20,334,896,2522,2,2
1802,1.2,8,27,0.5,5,16,453,963,1885,7,2
591,2.1,18,16,0.5,7,20,952,1726,704,4,0
1205,2.7,5,10,0.1,6,10,321,1870,953,20,0
1369,1.7,3,28,0.6,1,18,1451,1469,3206,4,3
713,0.9,0,42,0.1,1,14,1048,1123,928,9,0
1082,2.3,11,2,1.0,4,20,398,724,2177,17,1
1719,2.1,0,52,0.1,3,1,417,520,2610,11,2
1544,2.4,18,12,0.1,7,20,470,844,489,2,0
1090,2.3,1,8,0.6,8,8,1217,1670,3839,11,3
1991,2.8,3,15,0.1,1,13,298,1037,1861,17,1
1367,2.9,4,56,0.8,2,6,36,642,299,10,0
1179,0.5,7,32,0.3,2,12,85,1451,340,16,0
721,2.7,1,15,0.2,5,18,655,1255,3606,5,3
1549,1.8,0,62,0.7,4,4,167,990,799,9,0
1349,2.1,3,46,0.9,6,12,212,623,2367,10,1
1799,1.0,1,30,0.6,3,9,617,1386,445,10,0
1075,0.5,2,11,0.2,1,16,271,1769,3927,7,3
684,0.9,3,63,1.0,5,9,159,1738,3756,12,3
1837,0.5,9,36,0.9,4,20,786,872,770,15,0
1619,1.9,2,21,0.4,1,9,46,562,1641,13,1
965,1.4,1,13,0.9,8,2,645,1275,2343,15,2
730,1.5,9,9,0.7,4,15,1371,1677,2787,7,2
1361,1.4,1,47,1.0,5,2,881,1382,2495,16,2
1494,1.6,3,45,0.8,5,4,449,790,3208,4,3
1027,0.8,7,18,1.0,7,11,338,534,1234,14,0
1807,0.8,0,38,0.2,8,0,1332,1814,1069,7,1
709,2.4,1,11,0.1,5,11,119,1531,3568,3,3
689,1.4,2,45,0.5,5,11,256,823,3585,10,3
955,0.5,2,2,0.6,4,10,428,1254,1974,18,1
1872,1.9,5,35,0.6,3,14,1546,1879,2419,19,3
1259,1.2,0,13,0.5,2,0,1210,1989,340,4,0
695,1.2,1,41,0.4,8,8,789,1211,2282,17,1
1969,1.2,9,63,0.2,4,11,390,756,298,10,0
759,2.5,3,39,0.3,2,8,110,1317,968,2,0
936,1.0,1,18,0.2,3,18,1330,1686,2391,3,2
1176,2.1,2,62,0.5,2,10,674,1455,1534,17,1
1802,2.7,0,10,0.6,7,9,253,590,696,3,0
772,1.0,0,23,0.6,7,11,317,1805,2782,17,2
1318,2.4,1,45,0.1,2,7,183,661,755,9,0
591,0.5,1,16,0.9,6,17,892,1603,3746,5,3
569,2.5,0,41,0.3,1,1,388,605,2651,4,1
764,1.0,9,45,0.5,8,11,52,539,1341,12,0
1056,2.1,8,37,0.7,3,11,914,979,2651,3,2
1982,1.6,2,12,0.2,5,20,287,593,1824,14,1
1830,0.5,5,14,0.8,6,6,773,1353,1905,19,2
1122,0.5,0,40,0.3,7,14,675,1163,1456,20,1
1023,0.7,2,63,0.7,7,8,367,1985,3155,7,3
1283,2.4,8,33,1.0,3,15,510,980,773,2,0
1602,1.6,0,35,0.1,7,7,1325,1800,1829,13,2
732,1.3,5,32,0.4,8,7,1661,1836,3883,5,3
1854,0.9,0,33,0.4,1,0,665,718,1675,9,1
718,1.6,1,30,0.4,3,12,662,997,1601,12,1
897,2.0,3,2,0.6,8,10,0,994,1958,7,1
1405,1.7,0,8,0.3,4,7,284,1036,2376,11,2
798,0.6,6,21,0.5,2,12,661,1951,1647,3,1
1035,2.7,1,40,0.2,5,15,757,1912,3548,5,3
1396,0.6,0,37,0.7,4,15,560,1177,2694,19,2
1749,0.5,7,49,0.8,1,8,470,775,2195,4,2
1588,2.5,12,4,0.3,5,20,146,822,2506,11,2
1600,0.5,1,16,0.3,4,16,1315,1710,2073,4,2
1522,2.2,4,21,0.7,6,11,533,1696,3767,16,3
1279,2.5,5,7,0.5,6,6,560,1633,1150,7,1
719,2.9,7,6,0.7,6,8,405,1141,841,2,0
544,0.5,2,7,0.2,5,15,227,610,1675,17,0
1007,2.9,5,21,0.8,8,12,479,831,1301,12,0
590,1.2,0,32,0.4,6,1,227,509,1817,6,0
1788,0.5,0,6,0.2,6,16,149,1022,2321,20,2
748,1.4,0,25,1.0,7,14,88,709,1974,13,1
757,0.9,4,64,0.5,7,5,114,819,3433,10,2
1561,1.6,1,27,0.8,3,10,662,874,1205,3,1
1327,2.8,10,23,0.5,7,16,441,1721,872,4,0
797,1.5,4,18,0.6,8,20,888,1466,2052,14,1
727,2.5,0,64,0.2,1,9,664,711,3654,16,3
686,2.7,0,36,0.1,4,1,64,745,1503,13,0
1515,2.1,4,24,0.9,5,6,747,1247,3104,20,3
555,0.5,2,17,0.2,5,12,956,1010,343,3,0
1589,0.6,0,5,0.8,5,2,776,1397,3430,19,3
1976,2.6,6,45,1.0,4,19,652,1933,2470,3,3
1884,1.0,3,24,0.5,6,4,1168,1179,1396,9,1
1063,2.0,0,27,0.2,6,7,201,582,2668,19,2
672,0.6,13,61,0.1,5,20,724,1127,1457,20,0
635,0.5,9,16,1.0,7,17,599,1299,2452,8,2
1906,1.9,3,55,0.2,3,4,3,629,1871,4,1
1753,0.7,4,40,0.6,4,11,1652,1983,1112,15,1
659,1.4,2,3,0.1,8,6,190,657,967,14,0
1583,1.2,0,14,0.2,2,4,1171,1673,2498,8,2
1783,2.9,2,42,0.7,6,8,1081,1979,387,3,1
1667,1.0,0,21,0.9,2,0,1211,1396,635,15,0
640,1.3,5,6,0.6,8,20,976,1353,2711,8,2
1913,1.8,0,29,0.6,5,4,675,742,2023,8,2
538,1.1,0,25,0.3,7,7,455,537,2215,17,1
1191,0.8,6,46,0.8,6,9,42,807,824,7,0
816,3.0,2,9,0.1,1,3,1196,1651,3851,14,3
915,0.5,9,33,0.3,2,16,503,986,2156,13,1
1157,0.8,7,27,0.1,8,8,1694,1798,2885,2,3
1201,0.5,2,10,1.0,7,7,306,558,495,14,0
1379,1.1,1,18,0.2,2,16,838,885,2358,15,2
1483,2.2,3,53,0.7,5,11,291,651,1744,10,1
1614,1.2,1,9,0.1,3,2,173,1219,1832,11,1
930,1.0,4,4,0.9,8,10,1017,1289,2016,16,1
1454,2.6,8,6,0.4,3,20,698,1018,1300,2,1
1784,1.6,4,41,0.4,6,20,610,1437,2313,11,2
1262,1.8,12,34,0.1,5,16,223,737,3248,4,2
797,2.2,0,37,0.9,7,2,206,1167,2216,6,1
1829,2.1,8,59,0.1,5,15,1457,1919,3142,5,3
1139,0.9,6,58,0.5,2,11,742,999,1850,8,1
618,1.0,9,13,0.1,4,15,591,724,1424,7,0
1547,2.9,2,57,0.4,1,3,347,957,1620,19,1
586,2.8,2,15,0.2,3,11,241,854,2592,3,1
1617,2.4,8,36,0.8,1,9,743,1426,296,7,0
1882,2.0,11,44,0.8,8,19,4,743,3579,20,3
674,2.9,1,21,0.2,3,4,576,1809,1180,4,0
1467,0.5,0,18,0.6,5,0,888,1099,3962,5,3
858,2.2,1,50,0.1,1,2,528,1416,3978,3,3
794,0.5,0,2,0.8,6,14,1222,1890,668,19,0
1965,2.6,0,39,0.2,4,3,915,1965,2032,16,2
1911,0.9,1,36,0.7,8,3,868,1632,3057,5,3
1512,0.9,4,46,0.1,5,5,336,670,869,19,0
510,2.0,5,45,0.9,6,16,483,754,3919,2,3
